day,policy,saturation,memory,backlog_start,arrivals,closed,backlog,missed,gross,liability,recovered,legitimate_margin,authentication_cost,operating_cost,value,service_work,capacity,scenario
0,fixed_0.2,0.20000000,0.20000000,1870,215,182,1903,0,84720.00650063,73198.08561654,32097.05336851,5103.42857143,154.28571429,164.57142857,-36316.46081946,182.00000000,182.85714286,Base
1,fixed_0.2,0.20000000,0.20000000,1903,259,182,1980,0,110185.03662173,95199.87164117,30311.76853301,5103.42857143,154.28571429,164.57142857,-60103.53167959,182.00000000,182.85714286,Base
2,fixed_0.2,0.20000000,0.20000000,1980,251,182,2049,0,94958.26788202,82043.94345007,29603.98023773,5103.42857143,154.28571429,164.57142857,-47655.39178377,182.00000000,182.85714286,Base
3,fixed_0.2,0.20000000,0.20000000,2049,234,182,2101,0,90184.20033855,77919.14909251,28663.07688617,5103.42857143,154.28571429,164.57142857,-44471.50077777,182.00000000,182.85714286,Base
4,fixed_0.2,0.20000000,0.20000000,2101,230,182,2149,0,90943.73194242,78575.38439825,29401.42103351,5103.42857143,154.28571429,164.57142857,-44389.39193617,182.00000000,182.85714286,Base
5,fixed_0.2,0.20000000,0.20000000,2149,233,182,2200,0,84837.57976281,73299.66891507,30029.20415348,5103.42857143,154.28571429,164.57142857,-38485.89333302,182.00000000,182.85714286,Base
6,fixed_0.2,0.20000000,0.20000000,2200,252,182,2270,0,92056.33557043,79536.67393286,28164.84890623,5103.42857143,154.28571429,164.57142857,-46587.25359805,182.00000000,182.85714286,Base
7,fixed_0.2,0.20000000,0.20000000,2270,279,182,2367,0,105522.65469037,91171.57365248,34660.77348708,5103.42857143,154.28571429,164.57142857,-51726.22873682,182.00000000,182.85714286,Base
8,fixed_0.2,0.20000000,0.20000000,2367,274,182,2459,0,110449.43083484,95428.30824130,29844.71101503,5103.42857143,154.28571429,164.57142857,-60799.02579770,182.00000000,182.85714286,Base
9,fixed_0.2,0.20000000,0.20000000,2459,234,182,2511,0,86497.20452861,74733.58471272,34571.79514437,5103.42857143,154.28571429,164.57142857,-35377.21813977,182.00000000,182.85714286,Base
10,fixed_0.2,0.20000000,0.20000000,2511,243,169,2585,0,93140.84975020,80473.69418417,25946.02420771,5103.42857143,154.28571429,164.57142857,-49743.09854789,182.25000000,182.85714286,Base
11,fixed_0.2,0.20000000,0.20000000,2585,267,165,2687,0,95296.24812311,82335.95837837,25279.11842068,5103.42857143,154.28571429,164.57142857,-52272.26852911,182.50000000,182.85714286,Base
12,fixed_0.2,0.20000000,0.20000000,2687,246,164,2769,0,97626.48988799,84349.28726322,23438.36513375,5103.42857143,154.28571429,164.57142857,-56126.35070091,182.00000000,182.85714286,Base
13,fixed_0.2,0.20000000,0.20000000,2769,221,166,2824,2,88739.84258668,76671.22399489,25298.49105914,5103.42857143,154.28571429,164.57142857,-46588.16150717,182.50000000,182.85714286,Base
14,fixed_0.2,0.20000000,0.20000000,2824,263,175,2912,6,111802.80685689,96597.62512435,31168.92969122,5103.42857143,154.28571429,164.57142857,-60644.12400456,182.50000000,182.85714286,Base
15,fixed_0.2,0.20000000,0.20000000,2912,236,167,2981,3,93023.54584242,80372.34360785,25917.93267703,5103.42857143,154.28571429,164.57142857,-49669.83950225,182.25000000,182.85714286,Base
16,fixed_0.2,0.20000000,0.20000000,2981,268,169,3080,5,112318.13537712,97042.86896583,22765.52490588,5103.42857143,154.28571429,164.57142857,-69492.77263138,182.25000000,182.85714286,Base
17,fixed_0.2,0.20000000,0.20000000,3080,274,231,3123,64,98495.24511936,85099.89178313,27727.12297162,5103.42857143,154.28571429,164.57142857,-52588.19738293,182.50000000,182.85714286,Base
18,fixed_0.2,0.20000000,0.20000000,3123,240,233,3130,66,92115.83934172,79588.08519125,24896.13997131,5103.42857143,154.28571429,164.57142857,-49907.37379137,182.50000000,182.85714286,Base
19,fixed_0.2,0.20000000,0.20000000,3130,254,251,3133,85,103505.79435805,89429.00632535,27926.56104465,5103.42857143,154.28571429,164.57142857,-56717.87385213,182.25000000,182.85714286,Base
20,fixed_0.2,0.20000000,0.20000000,3133,244,280,3097,113,93140.72679792,80473.58795341,25366.57888878,5103.42857143,154.28571429,164.57142857,-50322.43763605,182.75000000,182.85714286,Base
21,fixed_0.2,0.20000000,0.20000000,3097,254,272,3079,107,91409.10109874,78977.46334931,25662.67840015,5103.42857143,154.28571429,164.57142857,-48530.21352059,182.50000000,182.85714286,Base
22,fixed_0.2,0.20000000,0.20000000,3079,262,235,3106,69,100150.31882469,86529.87546453,25520.06739970,5103.42857143,154.28571429,164.57142857,-56225.23663626,182.75000000,182.85714286,Base
23,fixed_0.2,0.20000000,0.20000000,3106,233,240,3099,77,85992.50977564,74297.52844615,23612.94703483,5103.42857143,154.28571429,164.57142857,-45900.00998275,182.00000000,182.85714286,Base
24,fixed_0.2,0.20000000,0.20000000,3099,261,269,3091,104,101785.99086167,87943.09610448,24942.34445103,5103.42857143,154.28571429,164.57142857,-58216.18022488,182.25000000,182.85714286,Base
25,fixed_0.2,0.20000000,0.20000000,3091,265,249,3107,81,99588.70104312,86044.63770126,26967.85429154,5103.42857143,154.28571429,164.57142857,-54292.21198115,182.75000000,182.85714286,Base
26,fixed_0.2,0.20000000,0.20000000,3107,252,220,3139,53,86403.27530779,74652.42986593,29250.59804509,5103.42857143,154.28571429,164.57142857,-40617.26039227,182.75000000,182.85714286,Base
27,fixed_0.2,0.20000000,0.20000000,3139,249,263,3125,96,93463.54219115,80752.50045316,27138.94420751,5103.42857143,154.28571429,164.57142857,-48828.98481707,182.75000000,182.85714286,Base
28,fixed_0.2,0.20000000,0.20000000,3125,133,236,3022,69,43133.75552301,37267.56477188,30492.50125594,5103.42857143,154.28571429,164.57142857,-1990.49208737,182.75000000,182.85714286,Base
29,fixed_0.2,0.20000000,0.20000000,3022,142,268,2896,101,57753.94244132,49899.40626930,27641.34591251,5103.42857143,154.28571429,164.57142857,-17473.48892822,182.50000000,182.85714286,Base
30,fixed_0.2,0.20000000,0.20000000,2896,150,272,2774,107,56857.55580565,49124.92821608,21731.47459287,5103.42857143,154.28571429,164.57142857,-22608.88219464,182.50000000,182.85714286,Base
31,fixed_0.2,0.20000000,0.20000000,2774,153,241,2686,75,61563.47461106,53190.84206396,26002.77593194,5103.42857143,154.28571429,164.57142857,-22403.49470345,182.75000000,182.85714286,Base
32,fixed_0.2,0.20000000,0.20000000,2686,141,253,2574,88,52377.18124440,45253.88459516,25406.57813677,5103.42857143,154.28571429,164.57142857,-15062.73502982,182.25000000,182.85714286,Base
33,fixed_0.2,0.20000000,0.20000000,2574,156,245,2485,79,58156.11412051,50246.88260012,21811.19700534,5103.42857143,154.28571429,164.57142857,-23651.11416621,182.75000000,182.85714286,Base
34,fixed_0.2,0.20000000,0.20000000,2485,157,253,2389,88,50439.41392699,43579.65363292,25363.87989489,5103.42857143,154.28571429,164.57142857,-13431.20230947,182.25000000,182.85714286,Base
35,fixed_0.2,0.20000000,0.20000000,2389,154,263,2280,97,58069.79668903,50172.30433932,24253.14759453,5103.42857143,154.28571429,164.57142857,-21134.58531622,182.00000000,182.85714286,Base
36,fixed_0.2,0.20000000,0.20000000,2280,158,234,2204,67,64967.48097686,56131.90356401,27013.28336064,5103.42857143,154.28571429,164.57142857,-24334.04877480,182.00000000,182.85714286,Base
37,fixed_0.2,0.20000000,0.20000000,2204,170,262,2112,94,67594.79646021,58401.90414162,22301.66331429,5103.42857143,154.28571429,164.57142857,-31315.66939876,182.75000000,182.85714286,Base
38,fixed_0.2,0.20000000,0.20000000,2112,140,264,1988,97,52774.91367917,45597.52541880,23693.65777613,5103.42857143,154.28571429,164.57142857,-17119.29621410,182.25000000,182.85714286,Base
39,fixed_0.2,0.20000000,0.20000000,1988,157,251,1894,85,62370.51388659,53888.12399802,23548.29470843,5103.42857143,154.28571429,164.57142857,-25555.25786101,182.75000000,182.85714286,Base
40,fixed_0.2,0.20000000,0.20000000,1894,149,250,1793,83,56425.10644087,48751.29196491,24415.25717658,5103.42857143,154.28571429,164.57142857,-19551.46335976,182.25000000,182.85714286,Base
41,fixed_0.2,0.20000000,0.20000000,1793,154,170,1777,5,59200.41827750,51149.16139176,23688.20826581,5103.42857143,154.28571429,164.57142857,-22676.38169738,182.50000000,182.85714286,Base
42,fixed_0.2,0.20000000,0.20000000,1777,149,168,1758,2,54811.90745180,47357.48803835,23406.71320806,5103.42857143,154.28571429,164.57142857,-19166.20340172,182.00000000,182.85714286,Base
43,fixed_0.2,0.20000000,0.20000000,1758,173,166,1765,3,68832.16486841,59470.99044631,24461.61621879,5103.42857143,154.28571429,164.57142857,-30224.80279895,182.00000000,182.85714286,Base
44,fixed_0.2,0.20000000,0.20000000,1765,137,164,1738,0,54064.34990940,46711.59832172,23221.47392759,5103.42857143,154.28571429,164.57142857,-18705.55296556,182.50000000,182.85714286,Base
45,fixed_0.2,0.20000000,0.20000000,1738,146,168,1716,2,54174.58613281,46806.84241875,25008.10184796,5103.42857143,154.28571429,164.57142857,-17014.16914221,182.25000000,182.85714286,Base
46,fixed_0.2,0.20000000,0.20000000,1716,132,169,1679,4,50412.26383746,43556.19595557,27432.67252733,5103.42857143,154.28571429,164.57142857,-11338.95199966,182.50000000,182.85714286,Base
47,fixed_0.2,0.20000000,0.20000000,1679,135,167,1647,0,52173.36325081,45077.78584870,28285.40857223,5103.42857143,154.28571429,164.57142857,-12007.80584790,182.75000000,182.85714286,Base
48,fixed_0.2,0.20000000,0.20000000,1647,149,171,1625,5,64823.68234719,56007.66154797,25689.92524885,5103.42857143,154.28571429,164.57142857,-25533.16487054,182.00000000,182.85714286,Base
49,fixed_0.2,0.20000000,0.20000000,1625,158,166,1617,2,65981.61012162,57008.11114508,22140.34110671,5103.42857143,154.28571429,164.57142857,-30083.19860979,182.75000000,182.85714286,Base
50,fixed_0.2,0.20000000,0.20000000,1617,135,166,1586,1,47362.05713678,40920.81736617,26505.73245860,5103.42857143,154.28571429,164.57142857,-9630.51347900,182.00000000,182.85714286,Base
51,fixed_0.2,0.20000000,0.20000000,1586,125,167,1544,1,49444.95750585,42720.44328505,24177.44247378,5103.42857143,154.28571429,164.57142857,-13758.42938270,182.25000000,182.85714286,Base
52,fixed_0.2,0.20000000,0.20000000,1544,146,170,1520,4,54241.19177071,46864.38968989,25682.98883840,5103.42857143,154.28571429,164.57142857,-16396.82942292,182.00000000,182.85714286,Base
53,fixed_0.2,0.20000000,0.20000000,1520,147,170,1497,4,54291.79300930,46908.10916004,24228.51957358,5103.42857143,154.28571429,164.57142857,-17895.01815788,182.00000000,182.85714286,Base
54,fixed_0.2,0.20000000,0.20000000,1497,157,172,1482,5,57108.67500978,49341.89520845,28700.90463759,5103.42857143,154.28571429,164.57142857,-15856.41914230,182.25000000,182.85714286,Base
55,fixed_0.2,0.20000000,0.20000000,1482,161,169,1474,3,64685.01115396,55887.84963702,22832.84610160,5103.42857143,154.28571429,164.57142857,-28270.43210685,182.75000000,182.85714286,Base
56,fixed_0.2,0.20000000,0.20000000,1474,227,174,1527,6,85008.95228282,73447.73477236,23938.52877445,5103.42857143,154.28571429,164.57142857,-44724.63456934,182.75000000,182.85714286,Base
57,fixed_0.2,0.20000000,0.20000000,1527,225,166,1586,2,79439.93446171,68636.10337492,25940.88831576,5103.42857143,154.28571429,164.57142857,-37910.64363059,182.75000000,182.85714286,Base
58,fixed_0.2,0.20000000,0.20000000,1586,234,169,1651,3,89369.01005200,77214.82468493,28422.75723537,5103.42857143,154.28571429,164.57142857,-44007.49602099,182.25000000,182.85714286,Base
59,fixed_0.2,0.20000000,0.20000000,1651,255,167,1739,2,91890.77558361,79393.63010424,28357.86852800,5103.42857143,154.28571429,164.57142857,-46251.19014767,182.50000000,182.85714286,Base
60,fixed_0.2,0.20000000,0.20000000,1739,253,166,1826,2,96228.15343650,83141.12456914,26367.85230719,5103.42857143,154.28571429,164.57142857,-51988.70083338,182.00000000,182.85714286,Base
61,fixed_0.2,0.20000000,0.20000000,1826,209,172,1863,4,83058.77077609,71762.77795054,25410.02048480,5103.42857143,154.28571429,164.57142857,-41568.18603717,182.75000000,182.85714286,Base
62,fixed_0.2,0.20000000,0.20000000,1863,209,165,1907,3,78575.21883546,67888.98907384,19660.42085454,5103.42857143,154.28571429,164.57142857,-43443.99679073,182.75000000,182.85714286,Base
63,fixed_0.2,0.20000000,0.20000000,1907,218,167,1958,2,89873.03632379,77650.30338376,23511.81381981,5103.42857143,154.28571429,164.57142857,-49353.91813537,182.50000000,182.85714286,Base
64,fixed_0.2,0.20000000,0.20000000,1958,197,167,1988,2,74705.60345788,64545.64138761,26862.03974781,5103.42857143,154.28571429,164.57142857,-32899.03021122,182.75000000,182.85714286,Base
65,fixed_0.2,0.20000000,0.20000000,1988,245,167,2066,2,97666.94024097,84384.23636820,23446.87447712,5103.42857143,154.28571429,164.57142857,-56152.79046251,182.25000000,182.85714286,Base
66,fixed_0.2,0.20000000,0.20000000,2066,202,167,2101,3,79386.81583191,68590.20887877,22721.69748370,5103.42857143,154.28571429,164.57142857,-41083.93996650,182.50000000,182.85714286,Base
67,fixed_0.2,0.20000000,0.20000000,2101,217,166,2152,3,79322.42150200,68534.57217773,23138.22908132,5103.42857143,154.28571429,164.57142857,-40611.77166783,182.25000000,182.85714286,Base
68,fixed_0.2,0.20000000,0.20000000,2152,218,173,2197,6,83680.58087248,72300.02187382,23080.08189131,5103.42857143,154.28571429,164.57142857,-44435.36855394,182.50000000,182.85714286,Base
69,fixed_0.2,0.20000000,0.20000000,2197,215,171,2241,5,80541.17279045,69587.57329095,22318.90664487,5103.42857143,154.28571429,164.57142857,-42484.09521751,182.75000000,182.85714286,Base
70,fixed_0.2,0.20000000,0.20000000,2241,224,174,2291,9,85772.73714042,74107.64488932,28253.49411571,5103.42857143,154.28571429,164.57142857,-41069.57934504,182.50000000,182.85714286,Base
71,fixed_0.2,0.20000000,0.20000000,2291,203,168,2326,3,76114.44717786,65762.88236167,20510.39639821,5103.42857143,154.28571429,164.57142857,-40467.91453489,182.00000000,182.85714286,Base
72,fixed_0.2,0.20000000,0.20000000,2326,203,171,2358,7,82623.56253612,71386.75803121,24656.35358439,5103.42857143,154.28571429,164.57142857,-41945.83301825,182.75000000,182.85714286,Base
73,fixed_0.2,0.20000000,0.20000000,2358,209,175,2392,10,78602.40383685,67912.47691504,26608.85924357,5103.42857143,154.28571429,164.57142857,-36519.04624290,182.75000000,182.85714286,Base
74,fixed_0.2,0.20000000,0.20000000,2392,221,172,2441,6,81944.68590702,70800.20862366,28128.54478587,5103.42857143,154.28571429,164.57142857,-37887.09240922,182.00000000,182.85714286,Base
75,fixed_0.2,0.20000000,0.20000000,2441,200,169,2472,5,75751.11301118,65448.96164166,29445.47945480,5103.42857143,154.28571429,164.57142857,-31218.91075829,182.75000000,182.85714286,Base
76,fixed_0.2,0.20000000,0.20000000,2472,217,171,2518,5,83852.47203725,72448.53584019,23435.80238659,5103.42857143,154.28571429,164.57142857,-44228.16202503,182.00000000,182.85714286,Base
77,fixed_0.2,0.20000000,0.20000000,2518,228,171,2575,6,82336.12592009,71138.41279496,26975.07770769,5103.42857143,154.28571429,164.57142857,-39378.76365869,182.00000000,182.85714286,Base
78,fixed_0.2,0.20000000,0.20000000,2575,194,185,2584,18,74304.55205415,64199.13297479,31906.83414725,5103.42857143,154.28571429,164.57142857,-27507.72739897,182.00000000,182.85714286,Base
79,fixed_0.2,0.20000000,0.20000000,2584,237,199,2622,35,89540.92172888,77363.35637375,23971.39603941,5103.42857143,154.28571429,164.57142857,-48607.38890577,182.25000000,182.85714286,Base
80,fixed_0.2,0.20000000,0.20000000,2622,221,216,2627,53,84901.31815029,73354.73888185,22409.69256893,5103.42857143,154.28571429,164.57142857,-46160.47488435,182.50000000,182.85714286,Base
81,fixed_0.2,0.20000000,0.20000000,2627,200,222,2605,55,76011.39136752,65673.84214154,25628.21600781,5103.42857143,154.28571429,164.57142857,-35261.05470515,182.50000000,182.85714286,Base
82,fixed_0.2,0.20000000,0.20000000,2605,243,214,2634,48,87604.61805280,75690.38999762,28276.40445228,5103.42857143,154.28571429,164.57142857,-42629.41411677,182.50000000,182.85714286,Base
83,fixed_0.2,0.20000000,0.20000000,2634,196,224,2606,58,76921.80491298,66460.43944481,26014.95404833,5103.42857143,154.28571429,164.57142857,-35660.91396791,182.00000000,182.85714286,Base
0,fixed_0.5,0.50000000,0.22250000,1870,175,182,1863,0,68530.47995904,55509.68876682,32097.05336851,5028.21428571,385.71428571,164.57142857,-18934.70682688,182.00000000,182.85714286,Base
1,fixed_0.5,0.50000000,0.24331250,1863,209,182,1890,0,91565.73945198,74168.24895610,30311.76853301,5028.21428571,385.71428571,164.57142857,-39378.55185166,182.00000000,182.85714286,Base
2,fixed_0.5,0.50000000,0.26256406,1890,205,182,1913,0,77513.48408293,62785.92210718,29603.98023773,5028.21428571,385.71428571,164.57142857,-28704.01329802,182.00000000,182.85714286,Base
3,fixed_0.5,0.50000000,0.28037176,1913,201,182,1932,0,77714.26730661,62948.55651835,28663.07688617,5028.21428571,385.71428571,164.57142857,-29807.55106075,182.00000000,182.85714286,Base
4,fixed_0.5,0.50000000,0.29684388,1932,183,182,1933,0,71881.30798256,58223.85946587,29401.42103351,5028.21428571,385.71428571,164.57142857,-24344.50986093,182.00000000,182.85714286,Base
5,fixed_0.5,0.50000000,0.31208059,1933,191,182,1942,0,68021.97153906,55097.79694664,30029.20415348,5028.21428571,385.71428571,164.57142857,-20590.66422173,182.00000000,182.85714286,Base
6,fixed_0.5,0.50000000,0.32617454,1942,218,182,1978,0,78080.19430106,63244.95738386,28164.84890623,5028.21428571,385.71428571,164.57142857,-30602.17990620,182.00000000,182.85714286,Base
7,fixed_0.5,0.50000000,0.33921145,1978,243,182,2039,0,92016.07257417,74533.01878508,34660.77348708,5028.21428571,385.71428571,164.57142857,-35394.31672656,182.00000000,182.85714286,Base
8,fixed_0.5,0.50000000,0.35127059,2039,225,182,2082,0,86159.24912855,69788.99179413,29844.71101503,5028.21428571,385.71428571,164.57142857,-35466.35220767,182.00000000,182.85714286,Base
9,fixed_0.5,0.50000000,0.36242530,2082,211,182,2111,0,77881.94141243,63084.37254407,34571.79514437,5028.21428571,385.71428571,164.57142857,-24034.64882826,182.00000000,182.85714286,Base
10,fixed_0.5,0.50000000,0.37274340,2111,217,169,2159,0,81359.51142595,65901.20425502,24549.50347127,5028.21428571,385.71428571,164.57142857,-36873.77221232,182.50000000,182.85714286,Base
11,fixed_0.5,0.50000000,0.38228765,2159,239,166,2232,0,85221.97197242,69029.79729766,24188.19686794,5028.21428571,385.71428571,164.57142857,-40363.67185829,182.50000000,182.85714286,Base
12,fixed_0.5,0.50000000,0.39111607,2232,211,164,2279,0,85534.16320291,69282.67219435,24230.63992870,5028.21428571,385.71428571,164.57142857,-40574.10369422,182.25000000,182.85714286,Base
13,fixed_0.5,0.50000000,0.39928237,2279,194,170,2303,2,80351.10702443,65084.39668979,28089.31364761,5028.21428571,385.71428571,164.57142857,-32517.15447075,182.75000000,182.85714286,Base
14,fixed_0.5,0.50000000,0.40683619,2303,226,169,2360,5,93389.04156570,75645.12366822,24703.63792115,5028.21428571,385.71428571,164.57142857,-46463.55717564,182.00000000,182.85714286,Base
15,fixed_0.5,0.50000000,0.41382347,2360,204,165,2399,1,80688.39018304,65357.59604826,22087.02020569,5028.21428571,385.71428571,164.57142857,-38792.64727114,182.00000000,182.85714286,Base
16,fixed_0.5,0.50000000,0.42028671,2399,231,169,2461,3,95242.52349823,77146.44403357,25251.32107769,5028.21428571,385.71428571,164.57142857,-47417.19438445,182.50000000,182.85714286,Base
17,fixed_0.5,0.50000000,0.42626521,2461,240,171,2530,4,86360.30682441,69951.84852777,24313.18828191,5028.21428571,385.71428571,164.57142857,-41160.73167444,182.25000000,182.85714286,Base
18,fixed_0.5,0.50000000,0.43179532,2530,206,171,2565,7,80058.55297327,64847.42790835,24233.61186075,5028.21428571,385.71428571,164.57142857,-36135.88747618,182.75000000,182.85714286,Base
19,fixed_0.5,0.50000000,0.43691067,2565,227,168,2624,3,91889.82705211,74430.75991221,24839.12381545,5028.21428571,385.71428571,164.57142857,-45113.70752533,182.75000000,182.85714286,Base
20,fixed_0.5,0.50000000,0.44164237,2624,206,174,2656,7,80517.31961504,65219.02888818,23159.94903614,5028.21428571,385.71428571,164.57142857,-37581.15128061,182.25000000,182.85714286,Base
21,fixed_0.5,0.50000000,0.44601919,2656,219,209,2666,44,79083.44688365,64057.59197576,23103.12954894,5028.21428571,385.71428571,164.57142857,-36476.53385539,182.00000000,182.85714286,Base
22,fixed_0.5,0.50000000,0.45006775,2666,234,212,2688,46,88735.85941390,71876.04612526,23247.13600284,5028.21428571,385.71428571,164.57142857,-44150.98155098,182.75000000,182.85714286,Base
23,fixed_0.5,0.50000000,0.45381267,2688,197,214,2671,51,73392.88904504,59448.24012648,21788.89910582,5028.21428571,385.71428571,164.57142857,-33181.41244923,182.50000000,182.85714286,Base
24,fixed_0.5,0.50000000,0.45727672,2671,227,242,2656,76,88526.77855079,71706.69062614,24607.73695020,5028.21428571,385.71428571,164.57142857,-42621.02510451,182.75000000,182.85714286,Base
25,fixed_0.5,0.50000000,0.46048097,2656,228,212,2672,45,85000.43136186,68850.34940310,26578.11839703,5028.21428571,385.71428571,164.57142857,-37794.30243465,182.00000000,182.85714286,Base
26,fixed_0.5,0.50000000,0.46344489,2672,224,195,2701,27,75707.79667502,61323.31530677,25024.55177448,5028.21428571,385.71428571,164.57142857,-31820.83496086,182.25000000,182.85714286,Base
27,fixed_0.5,0.50000000,0.46618653,2701,225,224,2702,58,83397.85701716,67552.26418390,25385.60540671,5028.21428571,385.71428571,164.57142857,-37688.73020576,182.50000000,182.85714286,Base
28,fixed_0.5,0.50000000,0.46872254,2702,116,204,2614,38,37780.09911997,30601.88028718,29580.66491914,5028.21428571,385.71428571,164.57142857,3456.71320340,182.00000000,182.85714286,Base
29,fixed_0.5,0.50000000,0.47106835,2614,124,232,2506,65,48338.67319670,39154.32528933,25936.70071042,5028.21428571,385.71428571,164.57142857,-8739.69600748,182.25000000,182.85714286,Base
30,fixed_0.5,0.50000000,0.47323822,2506,128,239,2395,73,49843.67335613,40373.37541846,22299.97033852,5028.21428571,385.71428571,164.57142857,-13595.47650851,182.75000000,182.85714286,Base
31,fixed_0.5,0.50000000,0.47524536,2395,139,205,2329,40,55372.65490959,44851.85047677,24130.73947479,5028.21428571,385.71428571,164.57142857,-16243.18243055,182.25000000,182.85714286,Base
32,fixed_0.5,0.50000000,0.47710195,2329,120,228,2221,62,45435.56861072,36802.81057468,22803.21636402,5028.21428571,385.71428571,164.57142857,-9521.66563923,182.00000000,182.85714286,Base
33,fixed_0.5,0.50000000,0.47881931,2221,130,205,2146,40,48858.22349022,39575.16102708,21593.12783643,5028.21428571,385.71428571,164.57142857,-13504.10461922,182.50000000,182.85714286,Base
34,fixed_0.5,0.50000000,0.48040786,2146,142,218,2070,54,46709.41275274,37834.62432972,21839.31873723,5028.21428571,385.71428571,164.57142857,-11517.37702106,182.00000000,182.85714286,Base
35,fixed_0.5,0.50000000,0.48187727,2070,135,237,1968,70,52111.10256019,42209.99307375,22742.58011648,5028.21428571,385.71428571,164.57142857,-14989.48438585,182.25000000,182.85714286,Base
36,fixed_0.5,0.50000000,0.48323647,1968,136,197,1907,30,55340.40256820,44825.72608024,26223.47988903,5028.21428571,385.71428571,164.57142857,-14124.31761978,182.00000000,182.85714286,Base
37,fixed_0.5,0.50000000,0.48449374,1907,151,227,1831,60,60145.04693448,48717.48801693,23234.12718463,5028.21428571,385.71428571,164.57142857,-21005.43226087,182.25000000,182.85714286,Base
38,fixed_0.5,0.50000000,0.48565671,1831,121,227,1725,61,44319.45914289,35898.76190574,21076.03495288,5028.21428571,385.71428571,164.57142857,-10344.79838143,182.25000000,182.85714286,Base
39,fixed_0.5,0.50000000,0.48673246,1725,138,224,1639,58,56376.05996120,45664.60856857,22083.34729280,5028.21428571,385.71428571,164.57142857,-19103.33270435,182.00000000,182.85714286,Base
40,fixed_0.5,0.50000000,0.48772752,1639,131,227,1543,59,48448.90730068,39243.61491355,21722.28466198,5028.21428571,385.71428571,164.57142857,-13043.40168014,182.25000000,182.85714286,Base
41,fixed_0.5,0.50000000,0.48864796,1543,136,169,1510,5,53641.41670693,43449.54753261,21077.82002377,5028.21428571,385.71428571,164.57142857,-17893.79893741,182.75000000,182.85714286,Base
42,fixed_0.5,0.50000000,0.48949936,1510,137,167,1480,2,50822.78852540,41166.45870557,23793.04434978,5028.21428571,385.71428571,164.57142857,-12895.48578436,182.75000000,182.85714286,Base
43,fixed_0.5,0.50000000,0.49028691,1480,154,168,1466,3,62224.15900589,50401.56879477,23486.33137615,5028.21428571,385.71428571,164.57142857,-22437.30884719,182.50000000,182.85714286,Base
44,fixed_0.5,0.50000000,0.49101539,1466,123,163,1426,0,47242.15824720,38266.14818024,21056.26142163,5028.21428571,385.71428571,164.57142857,-12731.95818717,182.50000000,182.85714286,Base
45,fixed_0.5,0.50000000,0.49168924,1426,126,169,1383,2,46523.52771922,37684.05745257,27400.27048438,5028.21428571,385.71428571,164.57142857,-5805.85839676,182.75000000,182.85714286,Base
46,fixed_0.5,0.50000000,0.49231254,1383,115,169,1329,3,43501.53859520,35236.24626211,25551.83883770,5028.21428571,385.71428571,164.57142857,-5206.47885298,182.00000000,182.85714286,Base
47,fixed_0.5,0.50000000,0.49288910,1329,120,167,1282,0,47304.02455686,38316.25989106,23275.02584324,5028.21428571,385.71428571,164.57142857,-10563.30547639,182.25000000,182.85714286,Base
48,fixed_0.5,0.50000000,0.49342242,1282,131,169,1244,5,58311.19024088,47232.06409511,22921.89539806,5028.21428571,385.71428571,164.57142857,-19832.24012563,182.75000000,182.85714286,Base
49,fixed_0.5,0.50000000,0.49391574,1244,134,167,1211,2,54878.40813587,44451.51059005,23103.39098586,5028.21428571,385.71428571,164.57142857,-16870.19103277,182.50000000,182.85714286,Base
50,fixed_0.5,0.50000000,0.49437206,1211,119,167,1163,1,43025.50759596,34850.66115272,23430.09299926,5028.21428571,385.71428571,164.57142857,-6942.63958204,182.00000000,182.85714286,Base
51,fixed_0.5,0.50000000,0.49479415,1163,112,168,1107,1,43624.00834875,35335.44676249,23957.07270617,5028.21428571,385.71428571,164.57142857,-6900.44548489,182.00000000,182.85714286,Base
52,fixed_0.5,0.50000000,0.49518459,1107,123,171,1059,4,46260.27035793,37470.81898993,25036.99424791,5028.21428571,385.71428571,164.57142857,-7955.89617059,182.75000000,182.85714286,Base
53,fixed_0.5,0.50000000,0.49554575,1059,132,168,1023,3,49241.65877284,39885.74360600,20514.27019904,5028.21428571,385.71428571,164.57142857,-14893.54483554,182.25000000,182.85714286,Base
54,fixed_0.5,0.50000000,0.49587982,1023,138,170,991,3,49811.10239924,40346.99294338,27321.07194186,5028.21428571,385.71428571,164.57142857,-8547.99243009,182.25000000,182.85714286,Base
55,fixed_0.5,0.50000000,0.49618883,991,139,167,963,3,55506.39403167,44960.17916565,21356.35068659,5028.21428571,385.71428571,164.57142857,-19125.89990763,182.75000000,182.85714286,Base
56,fixed_0.5,0.50000000,0.49647467,963,188,172,979,6,69635.58404570,56404.82307702,26155.46850162,5028.21428571,385.71428571,164.57142857,-25771.42600397,182.25000000,182.85714286,Base
57,fixed_0.5,0.50000000,0.49673907,979,196,167,1008,2,68625.15557782,55586.37601803,27945.12098300,5028.21428571,385.71428571,164.57142857,-23163.32646360,182.25000000,182.85714286,Base
58,fixed_0.5,0.50000000,0.49698364,1008,206,170,1044,3,79705.76612991,64561.67056523,23634.09367334,5028.21428571,385.71428571,164.57142857,-36449.64832046,182.50000000,182.85714286,Base
59,fixed_0.5,0.50000000,0.49720986,1044,230,163,1111,1,83664.82933370,67768.51176030,19604.93153167,5028.21428571,385.71428571,164.57142857,-43685.65165720,182.25000000,182.85714286,Base
60,fixed_0.5,0.50000000,0.49741913,1111,215,168,1158,2,84629.19207762,68549.64558287,24066.72683160,5028.21428571,385.71428571,164.57142857,-40004.99017984,182.50000000,182.85714286,Base
61,fixed_0.5,0.50000000,0.49761269,1158,188,170,1176,4,74311.16262768,60192.04172842,25725.33483728,5028.21428571,385.71428571,164.57142857,-29988.77831971,182.50000000,182.85714286,Base
62,fixed_0.5,0.50000000,0.49779174,1176,182,168,1190,3,67308.34051580,54519.75581780,19206.09895257,5028.21428571,385.71428571,164.57142857,-30835.72829380,182.25000000,182.85714286,Base
63,fixed_0.5,0.50000000,0.49795736,1190,196,166,1220,2,81523.12838625,66033.73399286,20028.55021690,5028.21428571,385.71428571,164.57142857,-41527.25520454,182.50000000,182.85714286,Base
64,fixed_0.5,0.50000000,0.49811056,1220,179,168,1231,2,68384.25222309,55391.24430071,20947.38874422,5028.21428571,385.71428571,164.57142857,-29965.92698505,182.75000000,182.85714286,Base
65,fixed_0.5,0.50000000,0.49825226,1231,220,168,1283,2,86964.46424794,70441.21604083,22145.40006953,5028.21428571,385.71428571,164.57142857,-43817.88739987,182.75000000,182.85714286,Base
66,fixed_0.5,0.50000000,0.49838335,1283,176,166,1293,2,68778.02124656,55710.19720971,25105.81496050,5028.21428571,385.71428571,164.57142857,-26126.45367778,182.00000000,182.85714286,Base
67,fixed_0.5,0.50000000,0.49850459,1293,198,168,1323,3,71077.79620765,57573.01492820,23947.09223294,5028.21428571,385.71428571,164.57142857,-29147.99412382,182.75000000,182.85714286,Base
68,fixed_0.5,0.50000000,0.49861675,1323,189,168,1344,5,71885.11448697,58226.94273444,23424.67060867,5028.21428571,385.71428571,164.57142857,-30324.34355435,182.00000000,182.85714286,Base
69,fixed_0.5,0.50000000,0.49872049,1344,185,170,1359,5,69209.49649297,56059.69215931,25785.59824475,5028.21428571,385.71428571,164.57142857,-25796.16534312,182.00000000,182.85714286,Base
70,fixed_0.5,0.50000000,0.49881646,1359,201,170,1390,7,79374.61305919,64293.43657795,26256.53295720,5028.21428571,385.71428571,164.57142857,-33558.97504932,182.00000000,182.85714286,Base
71,fixed_0.5,0.50000000,0.49890522,1390,180,168,1402,3,66940.01284557,54221.41040491,22865.26382573,5028.21428571,385.71428571,164.57142857,-26878.21800775,182.00000000,182.85714286,Base
72,fixed_0.5,0.50000000,0.49898733,1402,181,172,1411,7,73691.12104875,59689.80804948,24507.21313441,5028.21428571,385.71428571,164.57142857,-30704.66634365,182.50000000,182.85714286,Base
73,fixed_0.5,0.50000000,0.49906328,1411,186,177,1420,10,69749.10106071,56496.77185918,30190.38922974,5028.21428571,385.71428571,164.57142857,-21828.45405801,182.00000000,182.85714286,Base
74,fixed_0.5,0.50000000,0.49913353,1420,186,170,1436,5,70850.49827309,57388.90360121,23369.72355064,5028.21428571,385.71428571,164.57142857,-29541.25147914,182.75000000,182.85714286,Base
75,fixed_0.5,0.50000000,0.49919852,1436,173,166,1443,4,65053.14579539,52693.04809426,19499.19370575,5028.21428571,385.71428571,164.57142857,-28715.92581709,182.00000000,182.85714286,Base
76,fixed_0.5,0.50000000,0.49925863,1443,194,169,1468,4,77220.15972918,62548.32938064,21672.00854983,5028.21428571,385.71428571,164.57142857,-36398.39225938,182.50000000,182.85714286,Base
77,fixed_0.5,0.50000000,0.49931423,1468,200,173,1495,6,72994.10329777,59125.22367120,26047.81991666,5028.21428571,385.71428571,164.57142857,-28599.47518311,182.50000000,182.85714286,Base
78,fixed_0.5,0.50000000,0.49936567,1495,173,171,1497,6,66504.96315334,53869.02015420,25653.13708645,5028.21428571,385.71428571,164.57142857,-23737.95449633,182.25000000,182.85714286,Base
79,fixed_0.5,0.50000000,0.49941324,1497,208,166,1539,1,80398.64981700,65122.90635177,22822.30282029,5028.21428571,385.71428571,164.57142857,-37822.67496005,182.50000000,182.85714286,Base
80,fixed_0.5,0.50000000,0.49945725,1539,194,170,1563,2,73330.34125933,59397.57642006,26479.18442213,5028.21428571,385.71428571,164.57142857,-28440.46342650,182.75000000,182.85714286,Base
81,fixed_0.5,0.50000000,0.49949795,1563,177,170,1570,3,67238.98268932,54463.57597835,22808.96055559,5028.21428571,385.71428571,164.57142857,-27176.68685133,182.75000000,182.85714286,Base
82,fixed_0.5,0.50000000,0.49953561,1570,209,169,1610,4,77083.51198582,62437.64470851,27171.88721677,5028.21428571,385.71428571,164.57142857,-30787.82892032,182.75000000,182.85714286,Base
83,fixed_0.5,0.50000000,0.49957044,1610,176,169,1617,4,66967.44568127,54243.63100183,21997.99930134,5028.21428571,385.71428571,164.57142857,-27767.70312906,182.75000000,182.85714286,Base
0,fixed_0.8,0.80000000,0.24500000,1870,139,182,1827,0,52634.33233716,39791.55524689,32097.05336851,4953.00000000,617.14285714,164.57142857,-3523.21616409,182.00000000,182.85714286,Base
1,fixed_0.8,0.80000000,0.28662500,1827,163,182,1808,0,68426.09894856,51730.13080511,30311.76853301,4953.00000000,617.14285714,164.57142857,-17247.07655781,182.00000000,182.85714286,Base
2,fixed_0.8,0.80000000,0.32512812,1808,163,182,1789,0,60741.45606007,45920.54078141,29603.98023773,4953.00000000,617.14285714,164.57142857,-12145.27482940,182.00000000,182.85714286,Base
3,fixed_0.8,0.80000000,0.36074352,1789,174,182,1781,0,65440.98332506,49473.38339374,28663.07688617,4953.00000000,617.14285714,164.57142857,-16639.02079329,182.00000000,182.85714286,Base
4,fixed_0.8,0.80000000,0.39368775,1781,157,182,1756,0,59515.83616165,44993.97213820,29401.42103351,4953.00000000,617.14285714,164.57142857,-11421.26539041,182.00000000,182.85714286,Base
5,fixed_0.8,0.80000000,0.42416117,1756,154,182,1728,0,55369.34430884,41859.22429748,30029.20415348,4953.00000000,617.14285714,164.57142857,-7658.73442972,182.00000000,182.85714286,Base
6,fixed_0.8,0.80000000,0.45234908,1728,187,182,1733,0,67953.98772445,51373.21471968,28164.84890623,4953.00000000,617.14285714,164.57142857,-19037.08009917,182.00000000,182.85714286,Base
7,fixed_0.8,0.80000000,0.47842290,1733,209,182,1760,0,80543.24192555,60890.69089571,34660.77348708,4953.00000000,617.14285714,164.57142857,-22058.63169434,182.00000000,182.85714286,Base
8,fixed_0.8,0.80000000,0.50254118,1760,192,182,1770,0,72946.00626835,55147.18073887,29844.71101503,4953.00000000,617.14285714,164.57142857,-21131.18400956,182.00000000,182.85714286,Base
9,fixed_0.8,0.80000000,0.52485060,1770,187,182,1775,0,67704.26230849,51184.42230522,34571.79514437,4953.00000000,617.14285714,164.57142857,-12441.34144656,182.00000000,182.85714286,Base
10,fixed_0.8,0.80000000,0.54548680,1775,188,169,1794,0,69300.48311055,52391.16523158,23418.81979436,4953.00000000,617.14285714,164.57142857,-24801.05972293,182.50000000,182.85714286,Base
11,fixed_0.8,0.80000000,0.56457529,1794,217,166,1845,0,77670.36027765,58718.79236990,22279.05602766,4953.00000000,617.14285714,164.57142857,-32268.45062796,182.75000000,182.85714286,Base
12,fixed_0.8,0.80000000,0.58223214,1845,181,166,1860,0,75675.71829823,57210.84303346,25266.30268539,4953.00000000,617.14285714,164.57142857,-27773.25463379,182.00000000,182.85714286,Base
13,fixed_0.8,0.80000000,0.59856473,1860,177,167,1870,1,73777.58334608,55775.85300964,25514.43060155,4953.00000000,617.14285714,164.57142857,-26090.13669380,182.25000000,182.85714286,Base
14,fixed_0.8,0.80000000,0.61367238,1870,206,168,1908,4,83433.67038481,63075.85481092,20152.91414121,4953.00000000,617.14285714,164.57142857,-38751.65495542,182.00000000,182.85714286,Base
15,fixed_0.8,0.80000000,0.62764695,1908,189,168,1929,1,74252.00655238,56134.51695360,25842.62814193,4953.00000000,617.14285714,164.57142857,-26120.60309739,182.50000000,182.85714286,Base
16,fixed_0.8,0.80000000,0.64057343,1929,213,170,1972,3,89465.13727623,67635.64378083,20298.43674450,4953.00000000,617.14285714,164.57142857,-43165.92132205,182.75000000,182.85714286,Base
17,fixed_0.8,0.80000000,0.65253042,1972,224,170,2026,4,78984.01224500,59711.91325722,25006.70003095,4953.00000000,617.14285714,164.57142857,-30533.92751198,182.75000000,182.85714286,Base
18,fixed_0.8,0.80000000,0.66359064,2026,193,171,2048,5,76175.21304646,57588.46106313,23253.03497285,4953.00000000,617.14285714,164.57142857,-30164.14037599,182.50000000,182.85714286,Base
19,fixed_0.8,0.80000000,0.67382134,2048,213,170,2091,3,86019.31148144,65030.59947997,21744.61872089,4953.00000000,617.14285714,164.57142857,-39114.69504479,182.00000000,182.85714286,Base
20,fixed_0.8,0.80000000,0.68328474,2091,187,169,2109,3,74261.73912601,56141.87477926,23101.92599689,4953.00000000,617.14285714,164.57142857,-28868.66306809,182.25000000,182.85714286,Base
21,fixed_0.8,0.80000000,0.69203839,2109,202,166,2145,4,71967.28420514,54407.26685909,20188.66293602,4953.00000000,617.14285714,164.57142857,-30047.31820878,182.00000000,182.85714286,Base
22,fixed_0.8,0.80000000,0.70013551,2145,218,167,2196,3,82701.20904541,62522.11403833,16128.82591927,4953.00000000,617.14285714,164.57142857,-42222.00240477,182.00000000,182.85714286,Base
23,fixed_0.8,0.80000000,0.70762534,2196,186,167,2215,2,69168.48584232,52291.37529680,27389.77952740,4953.00000000,617.14285714,164.57142857,-20730.31005511,182.25000000,182.85714286,Base
24,fixed_0.8,0.80000000,0.71455344,2215,216,173,2258,6,83565.41964459,63175.45725131,27294.35864611,4953.00000000,617.14285714,164.57142857,-31709.81289091,182.25000000,182.85714286,Base
25,fixed_0.8,0.80000000,0.72096193,2258,219,169,2308,1,81888.50437682,61907.70930888,21649.38516389,4953.00000000,617.14285714,164.57142857,-36087.03843070,182.75000000,182.85714286,Base
26,fixed_0.8,0.80000000,0.72688979,2308,207,172,2343,5,69823.88795894,52786.85929696,23721.93192902,4953.00000000,617.14285714,164.57142857,-24893.64165365,182.00000000,182.85714286,Base
27,fixed_0.8,0.80000000,0.73237306,2343,221,172,2392,6,81953.36536919,61956.74421911,24019.90497361,4953.00000000,617.14285714,164.57142857,-33765.55353121,182.75000000,182.85714286,Base
28,fixed_0.8,0.80000000,0.73744508,2392,111,172,2331,6,35324.82961293,26705.57118737,28038.51723596,4953.00000000,617.14285714,164.57142857,5504.23176287,182.00000000,182.85714286,Base
29,fixed_0.8,0.80000000,0.74213670,2331,115,171,2275,6,43393.59157489,32805.55523062,22260.46567117,4953.00000000,617.14285714,164.57142857,-6373.80384516,182.50000000,182.85714286,Base
30,fixed_0.8,0.80000000,0.74647644,2275,120,171,2224,5,47282.95195037,35745.91167448,21888.99003425,4953.00000000,617.14285714,164.57142857,-9685.63592595,182.25000000,182.85714286,Base
31,fixed_0.8,0.80000000,0.75049071,2224,132,175,2181,9,52783.70414746,39904.48033548,21721.36795921,4953.00000000,617.14285714,164.57142857,-14011.82666198,182.75000000,182.85714286,Base
32,fixed_0.8,0.80000000,0.75420391,2181,116,213,2084,47,43747.25029502,33072.92122303,22336.81345723,4953.00000000,617.14285714,164.57142857,-6564.82205152,182.50000000,182.85714286,Base
33,fixed_0.8,0.80000000,0.75763861,2084,125,187,2022,21,47280.84444317,35744.31839903,19497.38623534,4953.00000000,617.14285714,164.57142857,-12075.64644941,182.00000000,182.85714286,Base
34,fixed_0.8,0.80000000,0.76081572,2022,133,200,1955,36,44827.58711674,33889.65586025,21403.61061661,4953.00000000,617.14285714,164.57142857,-8314.75952936,182.50000000,182.85714286,Base
35,fixed_0.8,0.80000000,0.76375454,1955,129,221,1863,54,50770.88395071,38382.78826674,20726.29341091,4953.00000000,617.14285714,164.57142857,-13485.20914154,182.25000000,182.85714286,Base
36,fixed_0.8,0.80000000,0.76647295,1863,132,187,1808,19,54701.80470590,41354.56435766,23077.15373393,4953.00000000,617.14285714,164.57142857,-14106.12490945,182.75000000,182.85714286,Base
37,fixed_0.8,0.80000000,0.76898748,1808,144,215,1737,48,56636.18777208,42816.95795569,21790.99952164,4953.00000000,617.14285714,164.57142857,-16854.67271977,182.25000000,182.85714286,Base
38,fixed_0.8,0.80000000,0.77131342,1737,115,218,1634,52,42045.47195655,31786.37679915,19933.03606334,4953.00000000,617.14285714,164.57142857,-7682.05502152,182.00000000,182.85714286,Base
39,fixed_0.8,0.80000000,0.77346491,1634,131,207,1558,41,54107.85401642,40905.53763641,20132.70692103,4953.00000000,617.14285714,164.57142857,-16601.54500110,182.00000000,182.85714286,Base
40,fixed_0.8,0.80000000,0.77545504,1558,126,224,1460,55,46425.13630329,35097.40304529,20607.18685716,4953.00000000,617.14285714,164.57142857,-10318.93047384,182.75000000,182.85714286,Base
41,fixed_0.8,0.80000000,0.77729591,1460,132,168,1424,5,52446.49533840,39649.55047583,17622.97460699,4953.00000000,617.14285714,164.57142857,-17855.29015455,182.25000000,182.85714286,Base
42,fixed_0.8,0.80000000,0.77899872,1424,131,167,1388,2,49649.82357190,37535.26662035,23309.57855427,4953.00000000,617.14285714,164.57142857,-10054.40235179,182.75000000,182.85714286,Base
43,fixed_0.8,0.80000000,0.78057382,1388,149,167,1370,3,59445.77809902,44941.00824286,20978.62648975,4953.00000000,617.14285714,164.57142857,-19791.09603882,182.25000000,182.85714286,Base
44,fixed_0.8,0.80000000,0.78203078,1370,119,166,1323,0,45672.45923102,34528.37917865,22489.49610332,4953.00000000,617.14285714,164.57142857,-7867.59736105,182.75000000,182.85714286,Base
45,fixed_0.8,0.80000000,0.78337847,1323,123,167,1279,2,45645.09999629,34507.69559719,25601.98749759,4953.00000000,617.14285714,164.57142857,-4734.42238532,182.75000000,182.85714286,Base
46,fixed_0.8,0.80000000,0.78462509,1279,109,169,1219,3,41900.12069286,31676.49124380,23922.09323827,4953.00000000,617.14285714,164.57142857,-3583.11229125,182.75000000,182.85714286,Base
47,fixed_0.8,0.80000000,0.78577820,1219,115,167,1167,0,45152.12490145,34135.00642549,19102.28563050,4953.00000000,617.14285714,164.57142857,-10861.43508070,182.50000000,182.85714286,Base
48,fixed_0.8,0.80000000,0.78684484,1167,127,170,1124,5,56402.73078641,42640.46447452,22847.20911557,4953.00000000,617.14285714,164.57142857,-15621.96964467,182.75000000,182.85714286,Base
49,fixed_0.8,0.80000000,0.78783148,1124,130,168,1086,2,53644.67978804,40555.37791976,22048.21414173,4953.00000000,617.14285714,164.57142857,-14335.87806374,182.25000000,182.85714286,Base
50,fixed_0.8,0.80000000,0.78874412,1086,113,169,1030,1,41091.73126677,31065.34883768,22659.50522792,4953.00000000,617.14285714,164.57142857,-4234.55789547,182.50000000,182.85714286,Base
51,fixed_0.8,0.80000000,0.78958831,1030,109,167,972,1,42900.71479216,32432.94038287,23797.60329691,4953.00000000,617.14285714,164.57142857,-4464.05137168,182.75000000,182.85714286,Base
52,fixed_0.8,0.80000000,0.79036918,972,117,170,919,4,44679.39381662,33777.62172536,21353.91689248,4953.00000000,617.14285714,164.57142857,-8252.41911859,182.00000000,182.85714286,Base
53,fixed_0.8,0.80000000,0.79109150,919,126,169,876,2,47325.50213261,35778.07961225,20810.44691087,4953.00000000,617.14285714,164.57142857,-10796.34698710,182.25000000,182.85714286,Base
54,fixed_0.8,0.80000000,0.79175963,876,131,166,841,2,47933.85148389,36237.99172182,24089.23671488,4953.00000000,617.14285714,164.57142857,-7977.46929266,182.25000000,182.85714286,Base
55,fixed_0.8,0.80000000,0.79237766,841,130,168,803,3,50598.51497732,38252.47732286,24647.37717583,4953.00000000,617.14285714,164.57142857,-9433.81443274,182.00000000,182.85714286,Base
56,fixed_0.8,0.80000000,0.79294934,803,183,170,816,5,66998.05829474,50650.53207082,24878.33865718,4953.00000000,617.14285714,164.57142857,-21600.90769935,182.00000000,182.85714286,Base
57,fixed_0.8,0.80000000,0.79347814,816,187,170,833,2,66185.68768203,50036.37988761,21056.11601330,4953.00000000,617.14285714,164.57142857,-24808.97816003,182.00000000,182.85714286,Base
58,fixed_0.8,0.80000000,0.79396728,833,193,167,859,3,75060.21990753,56745.52625009,19934.71304979,4953.00000000,617.14285714,164.57142857,-32639.52748601,182.00000000,182.85714286,Base
59,fixed_0.8,0.80000000,0.79441973,859,224,166,917,1,82001.32198292,61992.99941909,22569.77688518,4953.00000000,617.14285714,164.57142857,-35251.93681962,182.75000000,182.85714286,Base
60,fixed_0.8,0.80000000,0.79483825,917,213,168,962,2,83451.32554233,63089.20211000,24470.70671265,4953.00000000,617.14285714,164.57142857,-34447.20968306,182.25000000,182.85714286,Base
61,fixed_0.8,0.80000000,0.79522538,962,181,169,974,3,72232.34283562,54607.65118373,18155.22479910,4953.00000000,617.14285714,164.57142857,-32281.14067034,182.00000000,182.85714286,Base
62,fixed_0.8,0.80000000,0.79558348,974,175,168,981,3,64579.32945458,48821.97306767,19895.70165356,4953.00000000,617.14285714,164.57142857,-24754.98569982,182.50000000,182.85714286,Base
63,fixed_0.8,0.80000000,0.79591472,981,192,168,1005,2,80049.11022148,60517.12732744,19017.67885495,4953.00000000,617.14285714,164.57142857,-37328.16275820,182.75000000,182.85714286,Base
64,fixed_0.8,0.80000000,0.79622111,1005,172,168,1009,2,66325.03969325,50141.73000810,23648.17356566,4953.00000000,617.14285714,164.57142857,-22322.27072815,182.50000000,182.85714286,Base
65,fixed_0.8,0.80000000,0.79650453,1009,216,165,1060,2,84957.25186931,64227.68241320,17226.36017312,4953.00000000,617.14285714,164.57142857,-42830.03652580,182.50000000,182.85714286,Base
66,fixed_0.8,0.80000000,0.79676669,1060,174,167,1067,2,67682.72254961,51168.13824750,25426.27689206,4953.00000000,617.14285714,164.57142857,-21570.57564116,182.50000000,182.85714286,Base
67,fixed_0.8,0.80000000,0.79700919,1067,192,168,1091,3,69240.60163169,52345.89483356,21330.60226731,4953.00000000,617.14285714,164.57142857,-26844.00685197,182.25000000,182.85714286,Base
68,fixed_0.8,0.80000000,0.79723350,1091,181,169,1103,4,69827.08444537,52789.27584070,27551.61523844,4953.00000000,617.14285714,164.57142857,-21066.37488798,182.50000000,182.85714286,Base
69,fixed_0.8,0.80000000,0.79744099,1103,178,169,1112,5,66867.32637896,50551.69874249,22252.94150237,4953.00000000,617.14285714,164.57142857,-24127.47152583,182.50000000,182.85714286,Base
70,fixed_0.8,0.80000000,0.79763291,1112,193,172,1133,7,74340.97747641,56201.77897217,21491.07110068,4953.00000000,617.14285714,164.57142857,-30539.42215720,182.75000000,182.85714286,Base
71,fixed_0.8,0.80000000,0.79781044,1133,176,169,1140,3,65956.40288650,49863.04058220,23454.75680777,4953.00000000,617.14285714,164.57142857,-22236.99806014,182.50000000,182.85714286,Base
72,fixed_0.8,0.80000000,0.79797466,1140,178,171,1147,7,72456.33451879,54776.98889620,24928.83434471,4953.00000000,617.14285714,164.57142857,-25676.86883721,182.25000000,182.85714286,Base
73,fixed_0.8,0.80000000,0.79812656,1147,170,174,1143,10,63470.90702627,47984.00571186,22187.36649335,4953.00000000,617.14285714,164.57142857,-21625.35350423,182.00000000,182.85714286,Base
74,fixed_0.8,0.80000000,0.79826707,1143,180,168,1155,5,68479.22660581,51770.29531399,18685.19373578,4953.00000000,617.14285714,164.57142857,-28913.81586392,182.50000000,182.85714286,Base
75,fixed_0.8,0.80000000,0.79839704,1155,164,171,1148,4,62852.78922863,47516.70865684,24192.93853632,4953.00000000,617.14285714,164.57142857,-19152.48440623,182.00000000,182.85714286,Base
76,fixed_0.8,0.80000000,0.79851726,1148,191,170,1169,4,76571.40984509,57887.98584289,22334.74791328,4953.00000000,617.14285714,164.57142857,-31381.95221532,182.50000000,182.85714286,Base
77,fixed_0.8,0.80000000,0.79862847,1169,192,172,1189,6,68943.16531807,52121.03298046,22060.04448465,4953.00000000,617.14285714,164.57142857,-25889.70278153,182.75000000,182.85714286,Base
78,fixed_0.8,0.80000000,0.79873133,1189,169,172,1186,6,65123.25806941,49233.18310047,21939.29921320,4953.00000000,617.14285714,164.57142857,-23122.59817298,182.50000000,182.85714286,Base
79,fixed_0.8,0.80000000,0.79882648,1186,199,164,1221,1,75676.83162715,57211.68471012,23202.30038744,4953.00000000,617.14285714,164.57142857,-29838.09860840,182.25000000,182.85714286,Base
80,fixed_0.8,0.80000000,0.79891450,1221,187,168,1240,2,70445.59160999,53256.86725715,25815.29811349,4953.00000000,617.14285714,164.57142857,-23270.28342937,182.50000000,182.85714286,Base
81,fixed_0.8,0.80000000,0.79899591,1240,175,168,1247,3,66428.27398348,50219.77513151,20277.52145818,4953.00000000,617.14285714,164.57142857,-25770.96795904,182.50000000,182.85714286,Base
82,fixed_0.8,0.80000000,0.79907122,1247,204,170,1281,4,75265.47138824,56900.69636951,21666.83054557,4953.00000000,617.14285714,164.57142857,-31062.58010966,182.50000000,182.85714286,Base
83,fixed_0.8,0.80000000,0.79914087,1281,169,172,1278,4,63886.64687700,48298.30503901,25814.02001928,4953.00000000,617.14285714,164.57142857,-18312.99930544,182.75000000,182.85714286,Base
0,adaptive,0.80000000,0.24500000,1870,139,182,1827,0,52634.33233716,39791.55524689,32097.05336851,4953.00000000,617.14285714,164.57142857,-3523.21616409,182.00000000,182.85714286,Base
1,adaptive,0.80000000,0.28662500,1827,163,182,1808,0,68426.09894856,51730.13080511,30311.76853301,4953.00000000,617.14285714,164.57142857,-17247.07655781,182.00000000,182.85714286,Base
2,adaptive,0.80000000,0.32512812,1808,163,182,1789,0,60741.45606007,45920.54078141,29603.98023773,4953.00000000,617.14285714,164.57142857,-12145.27482940,182.00000000,182.85714286,Base
3,adaptive,0.80000000,0.36074352,1789,174,182,1781,0,65440.98332506,49473.38339374,28663.07688617,4953.00000000,617.14285714,164.57142857,-16639.02079329,182.00000000,182.85714286,Base
4,adaptive,0.80000000,0.39368775,1781,157,182,1756,0,59515.83616165,44993.97213820,29401.42103351,4953.00000000,617.14285714,164.57142857,-11421.26539041,182.00000000,182.85714286,Base
5,adaptive,0.80000000,0.42416117,1756,154,182,1728,0,55369.34430884,41859.22429748,30029.20415348,4953.00000000,617.14285714,164.57142857,-7658.73442972,182.00000000,182.85714286,Base
6,adaptive,0.80000000,0.45234908,1728,187,182,1733,0,67953.98772445,51373.21471968,28164.84890623,4953.00000000,617.14285714,164.57142857,-19037.08009917,182.00000000,182.85714286,Base
7,adaptive,0.80000000,0.47842290,1733,209,182,1760,0,80543.24192555,60890.69089571,34660.77348708,4953.00000000,617.14285714,164.57142857,-22058.63169434,182.00000000,182.85714286,Base
8,adaptive,0.80000000,0.50254118,1760,192,182,1770,0,72946.00626835,55147.18073887,29844.71101503,4953.00000000,617.14285714,164.57142857,-21131.18400956,182.00000000,182.85714286,Base
9,adaptive,0.80000000,0.52485060,1770,187,182,1775,0,67704.26230849,51184.42230522,34571.79514437,4953.00000000,617.14285714,164.57142857,-12441.34144656,182.00000000,182.85714286,Base
10,adaptive,0.80000000,0.54548680,1775,188,169,1794,0,69300.48311055,52391.16523158,23418.81979436,4953.00000000,617.14285714,164.57142857,-24801.05972293,182.50000000,182.85714286,Base
11,adaptive,0.80000000,0.56457529,1794,217,166,1845,0,77670.36027765,58718.79236990,22279.05602766,4953.00000000,617.14285714,164.57142857,-32268.45062796,182.75000000,182.85714286,Base
12,adaptive,0.80000000,0.58223214,1845,181,166,1860,0,75675.71829823,57210.84303346,25266.30268539,4953.00000000,617.14285714,164.57142857,-27773.25463379,182.00000000,182.85714286,Base
13,adaptive,0.80000000,0.59856473,1860,177,167,1870,1,73777.58334608,55775.85300964,25514.43060155,4953.00000000,617.14285714,164.57142857,-26090.13669380,182.25000000,182.85714286,Base
14,adaptive,0.80000000,0.61367238,1870,206,168,1908,4,83433.67038481,63075.85481092,20152.91414121,4953.00000000,617.14285714,164.57142857,-38751.65495542,182.00000000,182.85714286,Base
15,adaptive,0.80000000,0.62764695,1908,189,168,1929,1,74252.00655238,56134.51695360,25842.62814193,4953.00000000,617.14285714,164.57142857,-26120.60309739,182.50000000,182.85714286,Base
16,adaptive,0.80000000,0.64057343,1929,213,170,1972,3,89465.13727623,67635.64378083,20298.43674450,4953.00000000,617.14285714,164.57142857,-43165.92132205,182.75000000,182.85714286,Base
17,adaptive,0.80000000,0.65253042,1972,224,170,2026,4,78984.01224500,59711.91325722,25006.70003095,4953.00000000,617.14285714,164.57142857,-30533.92751198,182.75000000,182.85714286,Base
18,adaptive,0.80000000,0.66359064,2026,193,171,2048,5,76175.21304646,57588.46106313,23253.03497285,4953.00000000,617.14285714,164.57142857,-30164.14037599,182.50000000,182.85714286,Base
19,adaptive,0.80000000,0.67382134,2048,213,170,2091,3,86019.31148144,65030.59947997,21744.61872089,4953.00000000,617.14285714,164.57142857,-39114.69504479,182.00000000,182.85714286,Base
20,adaptive,0.80000000,0.68328474,2091,187,169,2109,3,74261.73912601,56141.87477926,23101.92599689,4953.00000000,617.14285714,164.57142857,-28868.66306809,182.25000000,182.85714286,Base
21,adaptive,0.80000000,0.69203839,2109,202,166,2145,4,71967.28420514,54407.26685909,20188.66293602,4953.00000000,617.14285714,164.57142857,-30047.31820878,182.00000000,182.85714286,Base
22,adaptive,0.80000000,0.70013551,2145,218,167,2196,3,82701.20904541,62522.11403833,16128.82591927,4953.00000000,617.14285714,164.57142857,-42222.00240477,182.00000000,182.85714286,Base
23,adaptive,0.80000000,0.70762534,2196,186,167,2215,2,69168.48584232,52291.37529680,27389.77952740,4953.00000000,617.14285714,164.57142857,-20730.31005511,182.25000000,182.85714286,Base
24,adaptive,0.80000000,0.71455344,2215,216,173,2258,6,83565.41964459,63175.45725131,27294.35864611,4953.00000000,617.14285714,164.57142857,-31709.81289091,182.25000000,182.85714286,Base
25,adaptive,0.80000000,0.72096193,2258,219,169,2308,1,81888.50437682,61907.70930888,21649.38516389,4953.00000000,617.14285714,164.57142857,-36087.03843070,182.75000000,182.85714286,Base
26,adaptive,0.80000000,0.72688979,2308,207,172,2343,5,69823.88795894,52786.85929696,23721.93192902,4953.00000000,617.14285714,164.57142857,-24893.64165365,182.00000000,182.85714286,Base
27,adaptive,0.80000000,0.73237306,2343,221,172,2392,6,81953.36536919,61956.74421911,24019.90497361,4953.00000000,617.14285714,164.57142857,-33765.55353121,182.75000000,182.85714286,Base
28,adaptive,0.80000000,0.73744508,2392,111,172,2331,6,35324.82961293,26705.57118737,28038.51723596,4953.00000000,617.14285714,164.57142857,5504.23176287,182.00000000,182.85714286,Base
29,adaptive,0.80000000,0.74213670,2331,115,171,2275,6,43393.59157489,32805.55523062,22260.46567117,4953.00000000,617.14285714,164.57142857,-6373.80384516,182.50000000,182.85714286,Base
30,adaptive,0.80000000,0.74647644,2275,120,171,2224,5,47282.95195037,35745.91167448,21888.99003425,4953.00000000,617.14285714,164.57142857,-9685.63592595,182.25000000,182.85714286,Base
31,adaptive,0.80000000,0.75049071,2224,132,175,2181,9,52783.70414746,39904.48033548,21721.36795921,4953.00000000,617.14285714,164.57142857,-14011.82666198,182.75000000,182.85714286,Base
32,adaptive,0.80000000,0.75420391,2181,116,213,2084,47,43747.25029502,33072.92122303,22336.81345723,4953.00000000,617.14285714,164.57142857,-6564.82205152,182.50000000,182.85714286,Base
33,adaptive,0.80000000,0.75763861,2084,125,187,2022,21,47280.84444317,35744.31839903,19497.38623534,4953.00000000,617.14285714,164.57142857,-12075.64644941,182.00000000,182.85714286,Base
34,adaptive,0.80000000,0.76081572,2022,133,200,1955,36,44827.58711674,33889.65586025,21403.61061661,4953.00000000,617.14285714,164.57142857,-8314.75952936,182.50000000,182.85714286,Base
35,adaptive,0.80000000,0.76375454,1955,129,221,1863,54,50770.88395071,38382.78826674,20726.29341091,4953.00000000,617.14285714,164.57142857,-13485.20914154,182.25000000,182.85714286,Base
36,adaptive,0.80000000,0.76647295,1863,132,187,1808,19,54701.80470590,41354.56435766,23077.15373393,4953.00000000,617.14285714,164.57142857,-14106.12490945,182.75000000,182.85714286,Base
37,adaptive,0.80000000,0.76898748,1808,144,215,1737,48,56636.18777208,42816.95795569,21790.99952164,4953.00000000,617.14285714,164.57142857,-16854.67271977,182.25000000,182.85714286,Base
38,adaptive,0.80000000,0.77131342,1737,115,218,1634,52,42045.47195655,31786.37679915,19933.03606334,4953.00000000,617.14285714,164.57142857,-7682.05502152,182.00000000,182.85714286,Base
39,adaptive,0.80000000,0.77346491,1634,131,207,1558,41,54107.85401642,40905.53763641,20132.70692103,4953.00000000,617.14285714,164.57142857,-16601.54500110,182.00000000,182.85714286,Base
40,adaptive,0.80000000,0.77545504,1558,126,224,1460,55,46425.13630329,35097.40304529,20607.18685716,4953.00000000,617.14285714,164.57142857,-10318.93047384,182.75000000,182.85714286,Base
41,adaptive,0.80000000,0.77729591,1460,132,168,1424,5,52446.49533840,39649.55047583,17622.97460699,4953.00000000,617.14285714,164.57142857,-17855.29015455,182.25000000,182.85714286,Base
42,adaptive,0.80000000,0.77899872,1424,131,167,1388,2,49649.82357190,37535.26662035,23309.57855427,4953.00000000,617.14285714,164.57142857,-10054.40235179,182.75000000,182.85714286,Base
43,adaptive,0.80000000,0.78057382,1388,149,167,1370,3,59445.77809902,44941.00824286,20978.62648975,4953.00000000,617.14285714,164.57142857,-19791.09603882,182.25000000,182.85714286,Base
44,adaptive,0.80000000,0.78203078,1370,119,166,1323,0,45672.45923102,34528.37917865,22489.49610332,4953.00000000,617.14285714,164.57142857,-7867.59736105,182.75000000,182.85714286,Base
45,adaptive,0.80000000,0.78337847,1323,123,167,1279,2,45645.09999629,34507.69559719,25601.98749759,4953.00000000,617.14285714,164.57142857,-4734.42238532,182.75000000,182.85714286,Base
46,adaptive,0.80000000,0.78462509,1279,109,169,1219,3,41900.12069286,31676.49124380,23922.09323827,4953.00000000,617.14285714,164.57142857,-3583.11229125,182.75000000,182.85714286,Base
47,adaptive,0.80000000,0.78577820,1219,115,167,1167,0,45152.12490145,34135.00642549,19102.28563050,4953.00000000,617.14285714,164.57142857,-10861.43508070,182.50000000,182.85714286,Base
48,adaptive,0.80000000,0.78684484,1167,127,170,1124,5,56402.73078641,42640.46447452,22847.20911557,4953.00000000,617.14285714,164.57142857,-15621.96964467,182.75000000,182.85714286,Base
49,adaptive,0.80000000,0.78783148,1124,130,168,1086,2,53644.67978804,40555.37791976,22048.21414173,4953.00000000,617.14285714,164.57142857,-14335.87806374,182.25000000,182.85714286,Base
50,adaptive,0.80000000,0.78874412,1086,113,169,1030,1,41091.73126677,31065.34883768,22659.50522792,4953.00000000,617.14285714,164.57142857,-4234.55789547,182.50000000,182.85714286,Base
51,adaptive,0.80000000,0.78958831,1030,109,167,972,1,42900.71479216,32432.94038287,23797.60329691,4953.00000000,617.14285714,164.57142857,-4464.05137168,182.75000000,182.85714286,Base
52,adaptive,0.80000000,0.79036918,972,117,170,919,4,44679.39381662,33777.62172536,21353.91689248,4953.00000000,617.14285714,164.57142857,-8252.41911859,182.00000000,182.85714286,Base
53,adaptive,0.80000000,0.79109150,919,126,169,876,2,47325.50213261,35778.07961225,20810.44691087,4953.00000000,617.14285714,164.57142857,-10796.34698710,182.25000000,182.85714286,Base
54,adaptive,0.80000000,0.79175963,876,131,166,841,2,47933.85148389,36237.99172182,24089.23671488,4953.00000000,617.14285714,164.57142857,-7977.46929266,182.25000000,182.85714286,Base
55,adaptive,0.80000000,0.79237766,841,130,168,803,3,50598.51497732,38252.47732286,24647.37717583,4953.00000000,617.14285714,164.57142857,-9433.81443274,182.00000000,182.85714286,Base
56,adaptive,0.80000000,0.79294934,803,183,170,816,5,66998.05829474,50650.53207082,24878.33865718,4953.00000000,617.14285714,164.57142857,-21600.90769935,182.00000000,182.85714286,Base
57,adaptive,0.80000000,0.79347814,816,187,170,833,2,66185.68768203,50036.37988761,21056.11601330,4953.00000000,617.14285714,164.57142857,-24808.97816003,182.00000000,182.85714286,Base
58,adaptive,0.80000000,0.79396728,833,193,167,859,3,75060.21990753,56745.52625009,19934.71304979,4953.00000000,617.14285714,164.57142857,-32639.52748601,182.00000000,182.85714286,Base
59,adaptive,0.80000000,0.79441973,859,224,166,917,1,82001.32198292,61992.99941909,22569.77688518,4953.00000000,617.14285714,164.57142857,-35251.93681962,182.75000000,182.85714286,Base
60,adaptive,0.80000000,0.79483825,917,213,168,962,2,83451.32554233,63089.20211000,24470.70671265,4953.00000000,617.14285714,164.57142857,-34447.20968306,182.25000000,182.85714286,Base
61,adaptive,0.80000000,0.79522538,962,181,169,974,3,72232.34283562,54607.65118373,18155.22479910,4953.00000000,617.14285714,164.57142857,-32281.14067034,182.00000000,182.85714286,Base
62,adaptive,0.80000000,0.79558348,974,175,168,981,3,64579.32945458,48821.97306767,19895.70165356,4953.00000000,617.14285714,164.57142857,-24754.98569982,182.50000000,182.85714286,Base
63,adaptive,0.80000000,0.79591472,981,192,168,1005,2,80049.11022148,60517.12732744,19017.67885495,4953.00000000,617.14285714,164.57142857,-37328.16275820,182.75000000,182.85714286,Base
64,adaptive,0.80000000,0.79622111,1005,172,168,1009,2,66325.03969325,50141.73000810,23648.17356566,4953.00000000,617.14285714,164.57142857,-22322.27072815,182.50000000,182.85714286,Base
65,adaptive,0.80000000,0.79650453,1009,216,165,1060,2,84957.25186931,64227.68241320,17226.36017312,4953.00000000,617.14285714,164.57142857,-42830.03652580,182.50000000,182.85714286,Base
66,adaptive,0.80000000,0.79676669,1060,174,167,1067,2,67682.72254961,51168.13824750,25426.27689206,4953.00000000,617.14285714,164.57142857,-21570.57564116,182.50000000,182.85714286,Base
67,adaptive,0.80000000,0.79700919,1067,192,168,1091,3,69240.60163169,52345.89483356,21330.60226731,4953.00000000,617.14285714,164.57142857,-26844.00685197,182.25000000,182.85714286,Base
68,adaptive,0.80000000,0.79723350,1091,181,169,1103,4,69827.08444537,52789.27584070,27551.61523844,4953.00000000,617.14285714,164.57142857,-21066.37488798,182.50000000,182.85714286,Base
69,adaptive,0.80000000,0.79744099,1103,178,169,1112,5,66867.32637896,50551.69874249,22252.94150237,4953.00000000,617.14285714,164.57142857,-24127.47152583,182.50000000,182.85714286,Base
70,adaptive,0.80000000,0.79763291,1112,193,172,1133,7,74340.97747641,56201.77897217,21491.07110068,4953.00000000,617.14285714,164.57142857,-30539.42215720,182.75000000,182.85714286,Base
71,adaptive,0.80000000,0.79781044,1133,176,169,1140,3,65956.40288650,49863.04058220,23454.75680777,4953.00000000,617.14285714,164.57142857,-22236.99806014,182.50000000,182.85714286,Base
72,adaptive,0.80000000,0.79797466,1140,178,171,1147,7,72456.33451879,54776.98889620,24928.83434471,4953.00000000,617.14285714,164.57142857,-25676.86883721,182.25000000,182.85714286,Base
73,adaptive,0.80000000,0.79812656,1147,170,174,1143,10,63470.90702627,47984.00571186,22187.36649335,4953.00000000,617.14285714,164.57142857,-21625.35350423,182.00000000,182.85714286,Base
74,adaptive,0.80000000,0.79826707,1143,180,168,1155,5,68479.22660581,51770.29531399,18685.19373578,4953.00000000,617.14285714,164.57142857,-28913.81586392,182.50000000,182.85714286,Base
75,adaptive,0.80000000,0.79839704,1155,164,171,1148,4,62852.78922863,47516.70865684,24192.93853632,4953.00000000,617.14285714,164.57142857,-19152.48440623,182.00000000,182.85714286,Base
76,adaptive,0.80000000,0.79851726,1148,191,170,1169,4,76571.40984509,57887.98584289,22334.74791328,4953.00000000,617.14285714,164.57142857,-31381.95221532,182.50000000,182.85714286,Base
77,adaptive,0.80000000,0.79862847,1169,192,172,1189,6,68943.16531807,52121.03298046,22060.04448465,4953.00000000,617.14285714,164.57142857,-25889.70278153,182.75000000,182.85714286,Base
78,adaptive,0.80000000,0.79873133,1189,169,172,1186,6,65123.25806941,49233.18310047,21939.29921320,4953.00000000,617.14285714,164.57142857,-23122.59817298,182.50000000,182.85714286,Base
79,adaptive,0.80000000,0.79882648,1186,199,164,1221,1,75676.83162715,57211.68471012,23202.30038744,4953.00000000,617.14285714,164.57142857,-29838.09860840,182.25000000,182.85714286,Base
80,adaptive,0.80000000,0.79891450,1221,187,168,1240,2,70445.59160999,53256.86725715,25815.29811349,4953.00000000,617.14285714,164.57142857,-23270.28342937,182.50000000,182.85714286,Base
81,adaptive,0.80000000,0.79899591,1240,175,168,1247,3,66428.27398348,50219.77513151,20277.52145818,4953.00000000,617.14285714,164.57142857,-25770.96795904,182.50000000,182.85714286,Base
82,adaptive,0.80000000,0.79907122,1247,204,170,1281,4,75265.47138824,56900.69636951,21666.83054557,4953.00000000,617.14285714,164.57142857,-31062.58010966,182.50000000,182.85714286,Base
83,adaptive,0.80000000,0.79914087,1281,169,172,1278,4,63886.64687700,48298.30503901,25814.02001928,4953.00000000,617.14285714,164.57142857,-18312.99930544,182.75000000,182.85714286,Base
0,delayed,0.80000000,0.24500000,1870,139,182,1827,0,52634.33233716,39791.55524689,32097.05336851,4953.00000000,617.14285714,164.57142857,-3523.21616409,182.00000000,182.85714286,Base
1,delayed,0.80000000,0.28662500,1827,163,182,1808,0,68426.09894856,51730.13080511,30311.76853301,4953.00000000,617.14285714,164.57142857,-17247.07655781,182.00000000,182.85714286,Base
2,delayed,0.80000000,0.32512812,1808,163,182,1789,0,60741.45606007,45920.54078141,29603.98023773,4953.00000000,617.14285714,164.57142857,-12145.27482940,182.00000000,182.85714286,Base
3,delayed,0.80000000,0.36074352,1789,174,182,1781,0,65440.98332506,49473.38339374,28663.07688617,4953.00000000,617.14285714,164.57142857,-16639.02079329,182.00000000,182.85714286,Base
4,delayed,0.80000000,0.39368775,1781,157,182,1756,0,59515.83616165,44993.97213820,29401.42103351,4953.00000000,617.14285714,164.57142857,-11421.26539041,182.00000000,182.85714286,Base
5,delayed,0.80000000,0.42416117,1756,154,182,1728,0,55369.34430884,41859.22429748,30029.20415348,4953.00000000,617.14285714,164.57142857,-7658.73442972,182.00000000,182.85714286,Base
6,delayed,0.80000000,0.45234908,1728,187,182,1733,0,67953.98772445,51373.21471968,28164.84890623,4953.00000000,617.14285714,164.57142857,-19037.08009917,182.00000000,182.85714286,Base
7,delayed,0.80000000,0.47842290,1733,209,182,1760,0,80543.24192555,60890.69089571,34660.77348708,4953.00000000,617.14285714,164.57142857,-22058.63169434,182.00000000,182.85714286,Base
8,delayed,0.80000000,0.50254118,1760,192,182,1770,0,72946.00626835,55147.18073887,29844.71101503,4953.00000000,617.14285714,164.57142857,-21131.18400956,182.00000000,182.85714286,Base
9,delayed,0.80000000,0.52485060,1770,187,182,1775,0,67704.26230849,51184.42230522,34571.79514437,4953.00000000,617.14285714,164.57142857,-12441.34144656,182.00000000,182.85714286,Base
10,delayed,0.80000000,0.54548680,1775,188,169,1794,0,69300.48311055,52391.16523158,23418.81979436,4953.00000000,617.14285714,164.57142857,-24801.05972293,182.50000000,182.85714286,Base
11,delayed,0.80000000,0.56457529,1794,217,166,1845,0,77670.36027765,58718.79236990,22279.05602766,4953.00000000,617.14285714,164.57142857,-32268.45062796,182.75000000,182.85714286,Base
12,delayed,0.80000000,0.58223214,1845,181,166,1860,0,75675.71829823,57210.84303346,25266.30268539,4953.00000000,617.14285714,164.57142857,-27773.25463379,182.00000000,182.85714286,Base
13,delayed,0.80000000,0.59856473,1860,177,167,1870,1,73777.58334608,55775.85300964,25514.43060155,4953.00000000,617.14285714,164.57142857,-26090.13669380,182.25000000,182.85714286,Base
14,delayed,0.80000000,0.61367238,1870,206,168,1908,4,83433.67038481,63075.85481092,20152.91414121,4953.00000000,617.14285714,164.57142857,-38751.65495542,182.00000000,182.85714286,Base
15,delayed,0.80000000,0.62764695,1908,189,168,1929,1,74252.00655238,56134.51695360,25842.62814193,4953.00000000,617.14285714,164.57142857,-26120.60309739,182.50000000,182.85714286,Base
16,delayed,0.80000000,0.64057343,1929,213,170,1972,3,89465.13727623,67635.64378083,20298.43674450,4953.00000000,617.14285714,164.57142857,-43165.92132205,182.75000000,182.85714286,Base
17,delayed,0.80000000,0.65253042,1972,224,170,2026,4,78984.01224500,59711.91325722,25006.70003095,4953.00000000,617.14285714,164.57142857,-30533.92751198,182.75000000,182.85714286,Base
18,delayed,0.80000000,0.66359064,2026,193,171,2048,5,76175.21304646,57588.46106313,23253.03497285,4953.00000000,617.14285714,164.57142857,-30164.14037599,182.50000000,182.85714286,Base
19,delayed,0.80000000,0.67382134,2048,213,170,2091,3,86019.31148144,65030.59947997,21744.61872089,4953.00000000,617.14285714,164.57142857,-39114.69504479,182.00000000,182.85714286,Base
20,delayed,0.80000000,0.68328474,2091,187,169,2109,3,74261.73912601,56141.87477926,23101.92599689,4953.00000000,617.14285714,164.57142857,-28868.66306809,182.25000000,182.85714286,Base
21,delayed,0.80000000,0.69203839,2109,202,166,2145,4,71967.28420514,54407.26685909,20188.66293602,4953.00000000,617.14285714,164.57142857,-30047.31820878,182.00000000,182.85714286,Base
22,delayed,0.80000000,0.70013551,2145,218,167,2196,3,82701.20904541,62522.11403833,16128.82591927,4953.00000000,617.14285714,164.57142857,-42222.00240477,182.00000000,182.85714286,Base
23,delayed,0.80000000,0.70762534,2196,186,167,2215,2,69168.48584232,52291.37529680,27389.77952740,4953.00000000,617.14285714,164.57142857,-20730.31005511,182.25000000,182.85714286,Base
24,delayed,0.80000000,0.71455344,2215,216,173,2258,6,83565.41964459,63175.45725131,27294.35864611,4953.00000000,617.14285714,164.57142857,-31709.81289091,182.25000000,182.85714286,Base
25,delayed,0.80000000,0.72096193,2258,219,169,2308,1,81888.50437682,61907.70930888,21649.38516389,4953.00000000,617.14285714,164.57142857,-36087.03843070,182.75000000,182.85714286,Base
26,delayed,0.80000000,0.72688979,2308,207,172,2343,5,69823.88795894,52786.85929696,23721.93192902,4953.00000000,617.14285714,164.57142857,-24893.64165365,182.00000000,182.85714286,Base
27,delayed,0.80000000,0.73237306,2343,221,172,2392,6,81953.36536919,61956.74421911,24019.90497361,4953.00000000,617.14285714,164.57142857,-33765.55353121,182.75000000,182.85714286,Base
28,delayed,0.80000000,0.73744508,2392,111,172,2331,6,35324.82961293,26705.57118737,28038.51723596,4953.00000000,617.14285714,164.57142857,5504.23176287,182.00000000,182.85714286,Base
29,delayed,0.80000000,0.74213670,2331,115,171,2275,6,43393.59157489,32805.55523062,22260.46567117,4953.00000000,617.14285714,164.57142857,-6373.80384516,182.50000000,182.85714286,Base
30,delayed,0.80000000,0.74647644,2275,120,171,2224,5,47282.95195037,35745.91167448,21888.99003425,4953.00000000,617.14285714,164.57142857,-9685.63592595,182.25000000,182.85714286,Base
31,delayed,0.80000000,0.75049071,2224,132,175,2181,9,52783.70414746,39904.48033548,21721.36795921,4953.00000000,617.14285714,164.57142857,-14011.82666198,182.75000000,182.85714286,Base
32,delayed,0.80000000,0.75420391,2181,116,213,2084,47,43747.25029502,33072.92122303,22336.81345723,4953.00000000,617.14285714,164.57142857,-6564.82205152,182.50000000,182.85714286,Base
33,delayed,0.80000000,0.75763861,2084,125,187,2022,21,47280.84444317,35744.31839903,19497.38623534,4953.00000000,617.14285714,164.57142857,-12075.64644941,182.00000000,182.85714286,Base
34,delayed,0.80000000,0.76081572,2022,133,200,1955,36,44827.58711674,33889.65586025,21403.61061661,4953.00000000,617.14285714,164.57142857,-8314.75952936,182.50000000,182.85714286,Base
35,delayed,0.80000000,0.76375454,1955,129,221,1863,54,50770.88395071,38382.78826674,20726.29341091,4953.00000000,617.14285714,164.57142857,-13485.20914154,182.25000000,182.85714286,Base
36,delayed,0.80000000,0.76647295,1863,132,187,1808,19,54701.80470590,41354.56435766,23077.15373393,4953.00000000,617.14285714,164.57142857,-14106.12490945,182.75000000,182.85714286,Base
37,delayed,0.80000000,0.76898748,1808,144,215,1737,48,56636.18777208,42816.95795569,21790.99952164,4953.00000000,617.14285714,164.57142857,-16854.67271977,182.25000000,182.85714286,Base
38,delayed,0.80000000,0.77131342,1737,115,218,1634,52,42045.47195655,31786.37679915,19933.03606334,4953.00000000,617.14285714,164.57142857,-7682.05502152,182.00000000,182.85714286,Base
39,delayed,0.80000000,0.77346491,1634,131,207,1558,41,54107.85401642,40905.53763641,20132.70692103,4953.00000000,617.14285714,164.57142857,-16601.54500110,182.00000000,182.85714286,Base
40,delayed,0.80000000,0.77545504,1558,126,224,1460,55,46425.13630329,35097.40304529,20607.18685716,4953.00000000,617.14285714,164.57142857,-10318.93047384,182.75000000,182.85714286,Base
41,delayed,0.80000000,0.77729591,1460,132,168,1424,5,52446.49533840,39649.55047583,17622.97460699,4953.00000000,617.14285714,164.57142857,-17855.29015455,182.25000000,182.85714286,Base
42,delayed,0.80000000,0.77899872,1424,131,167,1388,2,49649.82357190,37535.26662035,23309.57855427,4953.00000000,617.14285714,164.57142857,-10054.40235179,182.75000000,182.85714286,Base
43,delayed,0.80000000,0.78057382,1388,149,167,1370,3,59445.77809902,44941.00824286,20978.62648975,4953.00000000,617.14285714,164.57142857,-19791.09603882,182.25000000,182.85714286,Base
44,delayed,0.80000000,0.78203078,1370,119,166,1323,0,45672.45923102,34528.37917865,22489.49610332,4953.00000000,617.14285714,164.57142857,-7867.59736105,182.75000000,182.85714286,Base
45,delayed,0.80000000,0.78337847,1323,123,167,1279,2,45645.09999629,34507.69559719,25601.98749759,4953.00000000,617.14285714,164.57142857,-4734.42238532,182.75000000,182.85714286,Base
46,delayed,0.80000000,0.78462509,1279,109,169,1219,3,41900.12069286,31676.49124380,23922.09323827,4953.00000000,617.14285714,164.57142857,-3583.11229125,182.75000000,182.85714286,Base
47,delayed,0.80000000,0.78577820,1219,115,167,1167,0,45152.12490145,34135.00642549,19102.28563050,4953.00000000,617.14285714,164.57142857,-10861.43508070,182.50000000,182.85714286,Base
48,delayed,0.80000000,0.78684484,1167,127,170,1124,5,56402.73078641,42640.46447452,22847.20911557,4953.00000000,617.14285714,164.57142857,-15621.96964467,182.75000000,182.85714286,Base
49,delayed,0.80000000,0.78783148,1124,130,168,1086,2,53644.67978804,40555.37791976,22048.21414173,4953.00000000,617.14285714,164.57142857,-14335.87806374,182.25000000,182.85714286,Base
50,delayed,0.80000000,0.78874412,1086,113,169,1030,1,41091.73126677,31065.34883768,22659.50522792,4953.00000000,617.14285714,164.57142857,-4234.55789547,182.50000000,182.85714286,Base
51,delayed,0.80000000,0.78958831,1030,109,167,972,1,42900.71479216,32432.94038287,23797.60329691,4953.00000000,617.14285714,164.57142857,-4464.05137168,182.75000000,182.85714286,Base
52,delayed,0.80000000,0.79036918,972,117,170,919,4,44679.39381662,33777.62172536,21353.91689248,4953.00000000,617.14285714,164.57142857,-8252.41911859,182.00000000,182.85714286,Base
53,delayed,0.80000000,0.79109150,919,126,169,876,2,47325.50213261,35778.07961225,20810.44691087,4953.00000000,617.14285714,164.57142857,-10796.34698710,182.25000000,182.85714286,Base
54,delayed,0.80000000,0.79175963,876,131,166,841,2,47933.85148389,36237.99172182,24089.23671488,4953.00000000,617.14285714,164.57142857,-7977.46929266,182.25000000,182.85714286,Base
55,delayed,0.80000000,0.79237766,841,130,168,803,3,50598.51497732,38252.47732286,24647.37717583,4953.00000000,617.14285714,164.57142857,-9433.81443274,182.00000000,182.85714286,Base
56,delayed,0.80000000,0.79294934,803,183,170,816,5,66998.05829474,50650.53207082,24878.33865718,4953.00000000,617.14285714,164.57142857,-21600.90769935,182.00000000,182.85714286,Base
57,delayed,0.80000000,0.79347814,816,187,170,833,2,66185.68768203,50036.37988761,21056.11601330,4953.00000000,617.14285714,164.57142857,-24808.97816003,182.00000000,182.85714286,Base
58,delayed,0.80000000,0.79396728,833,193,167,859,3,75060.21990753,56745.52625009,19934.71304979,4953.00000000,617.14285714,164.57142857,-32639.52748601,182.00000000,182.85714286,Base
59,delayed,0.80000000,0.79441973,859,224,166,917,1,82001.32198292,61992.99941909,22569.77688518,4953.00000000,617.14285714,164.57142857,-35251.93681962,182.75000000,182.85714286,Base
60,delayed,0.80000000,0.79483825,917,213,168,962,2,83451.32554233,63089.20211000,24470.70671265,4953.00000000,617.14285714,164.57142857,-34447.20968306,182.25000000,182.85714286,Base
61,delayed,0.80000000,0.79522538,962,181,169,974,3,72232.34283562,54607.65118373,18155.22479910,4953.00000000,617.14285714,164.57142857,-32281.14067034,182.00000000,182.85714286,Base
62,delayed,0.80000000,0.79558348,974,175,168,981,3,64579.32945458,48821.97306767,19895.70165356,4953.00000000,617.14285714,164.57142857,-24754.98569982,182.50000000,182.85714286,Base
63,delayed,0.80000000,0.79591472,981,192,168,1005,2,80049.11022148,60517.12732744,19017.67885495,4953.00000000,617.14285714,164.57142857,-37328.16275820,182.75000000,182.85714286,Base
64,delayed,0.80000000,0.79622111,1005,172,168,1009,2,66325.03969325,50141.73000810,23648.17356566,4953.00000000,617.14285714,164.57142857,-22322.27072815,182.50000000,182.85714286,Base
65,delayed,0.80000000,0.79650453,1009,216,165,1060,2,84957.25186931,64227.68241320,17226.36017312,4953.00000000,617.14285714,164.57142857,-42830.03652580,182.50000000,182.85714286,Base
66,delayed,0.80000000,0.79676669,1060,174,167,1067,2,67682.72254961,51168.13824750,25426.27689206,4953.00000000,617.14285714,164.57142857,-21570.57564116,182.50000000,182.85714286,Base
67,delayed,0.80000000,0.79700919,1067,192,168,1091,3,69240.60163169,52345.89483356,21330.60226731,4953.00000000,617.14285714,164.57142857,-26844.00685197,182.25000000,182.85714286,Base
68,delayed,0.80000000,0.79723350,1091,181,169,1103,4,69827.08444537,52789.27584070,27551.61523844,4953.00000000,617.14285714,164.57142857,-21066.37488798,182.50000000,182.85714286,Base
69,delayed,0.80000000,0.79744099,1103,178,169,1112,5,66867.32637896,50551.69874249,22252.94150237,4953.00000000,617.14285714,164.57142857,-24127.47152583,182.50000000,182.85714286,Base
70,delayed,0.80000000,0.79763291,1112,193,172,1133,7,74340.97747641,56201.77897217,21491.07110068,4953.00000000,617.14285714,164.57142857,-30539.42215720,182.75000000,182.85714286,Base
71,delayed,0.80000000,0.79781044,1133,176,169,1140,3,65956.40288650,49863.04058220,23454.75680777,4953.00000000,617.14285714,164.57142857,-22236.99806014,182.50000000,182.85714286,Base
72,delayed,0.80000000,0.79797466,1140,178,171,1147,7,72456.33451879,54776.98889620,24928.83434471,4953.00000000,617.14285714,164.57142857,-25676.86883721,182.25000000,182.85714286,Base
73,delayed,0.80000000,0.79812656,1147,170,174,1143,10,63470.90702627,47984.00571186,22187.36649335,4953.00000000,617.14285714,164.57142857,-21625.35350423,182.00000000,182.85714286,Base
74,delayed,0.80000000,0.79826707,1143,180,168,1155,5,68479.22660581,51770.29531399,18685.19373578,4953.00000000,617.14285714,164.57142857,-28913.81586392,182.50000000,182.85714286,Base
75,delayed,0.80000000,0.79839704,1155,164,171,1148,4,62852.78922863,47516.70865684,24192.93853632,4953.00000000,617.14285714,164.57142857,-19152.48440623,182.00000000,182.85714286,Base
76,delayed,0.80000000,0.79851726,1148,191,170,1169,4,76571.40984509,57887.98584289,22334.74791328,4953.00000000,617.14285714,164.57142857,-31381.95221532,182.50000000,182.85714286,Base
77,delayed,0.80000000,0.79862847,1169,192,172,1189,6,68943.16531807,52121.03298046,22060.04448465,4953.00000000,617.14285714,164.57142857,-25889.70278153,182.75000000,182.85714286,Base
78,delayed,0.80000000,0.79873133,1189,169,172,1186,6,65123.25806941,49233.18310047,21939.29921320,4953.00000000,617.14285714,164.57142857,-23122.59817298,182.50000000,182.85714286,Base
79,delayed,0.80000000,0.79882648,1186,199,164,1221,1,75676.83162715,57211.68471012,23202.30038744,4953.00000000,617.14285714,164.57142857,-29838.09860840,182.25000000,182.85714286,Base
80,delayed,0.80000000,0.79891450,1221,187,168,1240,2,70445.59160999,53256.86725715,25815.29811349,4953.00000000,617.14285714,164.57142857,-23270.28342937,182.50000000,182.85714286,Base
81,delayed,0.80000000,0.79899591,1240,175,168,1247,3,66428.27398348,50219.77513151,20277.52145818,4953.00000000,617.14285714,164.57142857,-25770.96795904,182.50000000,182.85714286,Base
82,delayed,0.80000000,0.79907122,1247,204,170,1281,4,75265.47138824,56900.69636951,21666.83054557,4953.00000000,617.14285714,164.57142857,-31062.58010966,182.50000000,182.85714286,Base
83,delayed,0.80000000,0.79914087,1281,169,172,1278,4,63886.64687700,48298.30503901,25814.02001928,4953.00000000,617.14285714,164.57142857,-18312.99930544,182.75000000,182.85714286,Base
0,fixed_0.2,0.20000000,0.20000000,1870,217,182,1905,0,86511.50390463,74745.93937360,32097.05336851,5103.42857143,154.28571429,164.57142857,-37864.31457651,182.00000000,182.85714286,High displacement
1,fixed_0.2,0.20000000,0.20000000,1905,259,182,1982,0,110185.03662173,95199.87164117,30311.76853301,5103.42857143,154.28571429,164.57142857,-60103.53167959,182.00000000,182.85714286,High displacement
2,fixed_0.2,0.20000000,0.20000000,1982,254,182,2054,0,96162.54851142,83084.44191387,29603.98023773,5103.42857143,154.28571429,164.57142857,-48695.89024757,182.00000000,182.85714286,High displacement
3,fixed_0.2,0.20000000,0.20000000,2054,234,182,2106,0,90184.20033855,77919.14909251,28663.07688617,5103.42857143,154.28571429,164.57142857,-44471.50077777,182.00000000,182.85714286,High displacement
4,fixed_0.2,0.20000000,0.20000000,2106,231,182,2155,0,91214.77049072,78809.56170399,29401.42103351,5103.42857143,154.28571429,164.57142857,-44623.56924190,182.00000000,182.85714286,High displacement
5,fixed_0.2,0.20000000,0.20000000,2155,234,182,2207,0,85547.09720777,73912.69198751,30029.20415348,5103.42857143,154.28571429,164.57142857,-39098.91640546,182.00000000,182.85714286,High displacement
6,fixed_0.2,0.20000000,0.20000000,2207,253,182,2278,0,92206.20121344,79666.15784841,28164.84890623,5103.42857143,154.28571429,164.57142857,-46716.73751361,182.00000000,182.85714286,High displacement
7,fixed_0.2,0.20000000,0.20000000,2278,282,182,2378,0,106346.18675658,91883.10535769,34660.77348708,5103.42857143,154.28571429,164.57142857,-52437.76044203,182.00000000,182.85714286,High displacement
8,fixed_0.2,0.20000000,0.20000000,2378,275,182,2471,0,110842.46667659,95767.89120857,29844.71101503,5103.42857143,154.28571429,164.57142857,-61138.60876498,182.00000000,182.85714286,High displacement
9,fixed_0.2,0.20000000,0.20000000,2471,235,182,2524,0,86863.86493727,75050.37930580,34571.79514437,5103.42857143,154.28571429,164.57142857,-35694.01273285,182.00000000,182.85714286,High displacement
10,fixed_0.2,0.20000000,0.20000000,2524,243,169,2598,0,93140.84975020,80473.69418417,25478.53936072,5103.42857143,154.28571429,164.57142857,-50210.58339488,182.25000000,182.85714286,High displacement
11,fixed_0.2,0.20000000,0.20000000,2598,272,165,2705,0,97541.74317523,84276.06610340,25746.60326768,5103.42857143,154.28571429,164.57142857,-53744.89140715,182.75000000,182.85714286,High displacement
12,fixed_0.2,0.20000000,0.20000000,2705,247,165,2787,0,98203.41841399,84847.75350969,23718.57829967,5103.42857143,154.28571429,164.57142857,-56344.60378145,182.75000000,182.85714286,High displacement
13,fixed_0.2,0.20000000,0.20000000,2787,222,167,2842,3,88907.82824988,76816.36360789,24482.61301704,5103.42857143,154.28571429,164.57142857,-47549.17916229,182.25000000,182.85714286,High displacement
14,fixed_0.2,0.20000000,0.20000000,2842,266,175,2933,6,112607.24594760,97292.66049873,31346.72665791,5103.42857143,154.28571429,164.57142857,-61161.36241225,182.25000000,182.85714286,High displacement
15,fixed_0.2,0.20000000,0.20000000,2933,236,167,3002,3,93023.54584242,80372.34360785,25996.32828550,5103.42857143,154.28571429,164.57142857,-49591.44389379,182.75000000,182.85714286,High displacement
16,fixed_0.2,0.20000000,0.20000000,3002,276,170,3108,6,115656.19038705,99926.94849441,22969.65488923,5103.42857143,154.28571429,164.57142857,-72172.72217661,182.25000000,182.85714286,High displacement
17,fixed_0.2,0.20000000,0.20000000,3108,278,234,3152,67,100323.42381772,86679.43817851,28248.19258320,5103.42857143,154.28571429,164.57142857,-53646.67416673,182.75000000,182.85714286,High displacement
18,fixed_0.2,0.20000000,0.20000000,3152,241,234,3159,67,92324.25041118,79768.15235526,24893.03536636,5103.42857143,154.28571429,164.57142857,-50090.54556033,182.50000000,182.85714286,High displacement
19,fixed_0.2,0.20000000,0.20000000,3159,256,252,3163,86,104030.57960062,89882.42077493,28068.15873577,5103.42857143,154.28571429,164.57142857,-57029.69061059,182.50000000,182.85714286,High displacement
20,fixed_0.2,0.20000000,0.20000000,3163,245,283,3125,116,93662.35178581,80924.27194294,25033.64670667,5103.42857143,154.28571429,164.57142857,-51106.05380770,182.50000000,182.85714286,High displacement
21,fixed_0.2,0.20000000,0.20000000,3125,256,273,3108,108,91799.17803166,79314.48981936,25582.05133290,5103.42857143,154.28571429,164.57142857,-48947.86705789,182.50000000,182.85714286,High displacement
22,fixed_0.2,0.20000000,0.20000000,3108,263,236,3135,70,100411.16434321,86755.24599253,25520.06739970,5103.42857143,154.28571429,164.57142857,-56450.60716426,182.75000000,182.85714286,High displacement
23,fixed_0.2,0.20000000,0.20000000,3135,235,240,3130,77,86618.00494571,74837.95627309,24096.77803136,5103.42857143,154.28571429,164.57142857,-45956.60681316,182.25000000,182.85714286,High displacement
24,fixed_0.2,0.20000000,0.20000000,3130,262,274,3118,109,102006.03315457,88133.21264555,24652.25288269,5103.42857143,154.28571429,164.57142857,-58696.38833428,182.00000000,182.85714286,High displacement
25,fixed_0.2,0.20000000,0.20000000,3118,265,250,3133,82,99588.70104312,86044.63770126,27091.22296259,5103.42857143,154.28571429,164.57142857,-54168.84331010,182.75000000,182.85714286,High displacement
26,fixed_0.2,0.20000000,0.20000000,3133,252,220,3165,54,86403.27530779,74652.42986593,29117.57691900,5103.42857143,154.28571429,164.57142857,-40750.28151836,182.00000000,182.85714286,High displacement
27,fixed_0.2,0.20000000,0.20000000,3165,256,267,3154,100,99231.64373993,85736.14019130,27138.94420751,5103.42857143,154.28571429,164.57142857,-53812.62455521,182.75000000,182.85714286,High displacement
28,fixed_0.2,0.20000000,0.20000000,3154,136,235,3055,69,44028.28184781,38040.43551651,30961.26216049,5103.42857143,154.28571429,164.57142857,-2294.60192745,182.25000000,182.85714286,High displacement
29,fixed_0.2,0.20000000,0.20000000,3055,148,277,2926,110,60919.53926719,52634.48192685,26774.82677903,5103.42857143,154.28571429,164.57142857,-21075.08371924,182.75000000,182.85714286,High displacement
30,fixed_0.2,0.20000000,0.20000000,2926,151,276,2801,111,57031.18619397,49274.94487159,21731.47459287,5103.42857143,154.28571429,164.57142857,-22758.89885015,182.50000000,182.85714286,High displacement
31,fixed_0.2,0.20000000,0.20000000,2801,155,242,2714,76,61995.98433510,53564.53046553,26060.62316238,5103.42857143,154.28571429,164.57142857,-22719.33587458,182.50000000,182.85714286,High displacement
32,fixed_0.2,0.20000000,0.20000000,2714,141,255,2600,90,52377.18124440,45253.88459516,25789.65952788,5103.42857143,154.28571429,164.57142857,-14679.65363871,182.25000000,182.85714286,High displacement
33,fixed_0.2,0.20000000,0.20000000,2600,158,246,2512,80,58714.45653475,50729.29044602,22034.76035830,5103.42857143,154.28571429,164.57142857,-23909.95865915,182.75000000,182.85714286,High displacement
34,fixed_0.2,0.20000000,0.20000000,2512,158,255,2415,90,50674.60152167,43782.85571473,25363.87989489,5103.42857143,154.28571429,164.57142857,-13634.40439127,182.25000000,182.85714286,High displacement
35,fixed_0.2,0.20000000,0.20000000,2415,156,264,2307,98,58837.98283885,50836.01717277,24336.65062631,5103.42857143,154.28571429,164.57142857,-21714.79511789,182.00000000,182.85714286,High displacement
36,fixed_0.2,0.20000000,0.20000000,2307,158,236,2229,69,64967.48097686,56131.90356401,27013.28336064,5103.42857143,154.28571429,164.57142857,-24334.04877480,182.25000000,182.85714286,High displacement
37,fixed_0.2,0.20000000,0.20000000,2229,171,263,2137,95,67951.35955616,58709.97465652,22301.66331429,5103.42857143,154.28571429,164.57142857,-31623.73991366,182.75000000,182.85714286,High displacement
38,fixed_0.2,0.20000000,0.20000000,2137,141,264,2014,97,53967.81095177,46628.18866233,23693.65777613,5103.42857143,154.28571429,164.57142857,-18149.95945763,182.25000000,182.85714286,High displacement
39,fixed_0.2,0.20000000,0.20000000,2014,158,251,1921,85,62652.36668607,54131.64481676,25757.67763847,5103.42857143,154.28571429,164.57142857,-23589.39574972,182.75000000,182.85714286,High displacement
40,fixed_0.2,0.20000000,0.20000000,1921,149,257,1813,90,56425.10644087,48751.29196491,23922.41252230,5103.42857143,154.28571429,164.57142857,-20044.30801403,182.00000000,182.85714286,High displacement
41,fixed_0.2,0.20000000,0.20000000,1813,155,169,1799,5,59575.94739607,51473.61855020,23806.48856556,5103.42857143,154.28571429,164.57142857,-22882.55855607,182.00000000,182.85714286,High displacement
42,fixed_0.2,0.20000000,0.20000000,1799,150,168,1781,2,54978.04877633,47501.03414275,23299.49145258,5103.42857143,154.28571429,164.57142857,-19416.97126159,182.00000000,182.85714286,High displacement
43,fixed_0.2,0.20000000,0.20000000,1781,173,167,1787,3,68832.16486841,59470.99044631,24607.35651282,5103.42857143,154.28571429,164.57142857,-30079.06250492,182.25000000,182.85714286,High displacement
44,fixed_0.2,0.20000000,0.20000000,1787,138,164,1761,0,54681.30451908,47244.64710449,23971.52907653,5103.42857143,154.28571429,164.57142857,-18488.54659939,182.25000000,182.85714286,High displacement
45,fixed_0.2,0.20000000,0.20000000,1761,146,166,1741,2,54174.58613281,46806.84241875,22472.15060215,5103.42857143,154.28571429,164.57142857,-19550.12038803,182.00000000,182.85714286,High displacement
46,fixed_0.2,0.20000000,0.20000000,1741,134,170,1705,4,51017.94216640,44079.50203177,28595.27275260,5103.42857143,154.28571429,164.57142857,-10699.65785060,182.50000000,182.85714286,High displacement
47,fixed_0.2,0.20000000,0.20000000,1705,136,167,1674,0,52293.66544188,45181.72694179,28711.61832961,5103.42857143,154.28571429,164.57142857,-11685.53718361,182.25000000,182.85714286,High displacement
48,fixed_0.2,0.20000000,0.20000000,1674,151,170,1655,5,65365.52844375,56475.81657540,25676.34168426,5103.42857143,154.28571429,164.57142857,-26014.90346257,182.00000000,182.85714286,High displacement
49,fixed_0.2,0.20000000,0.20000000,1655,159,167,1647,2,66215.91855076,57210.55362786,21131.79763346,5103.42857143,154.28571429,164.57142857,-31294.18456582,182.75000000,182.85714286,High displacement
50,fixed_0.2,0.20000000,0.20000000,1647,136,166,1617,1,47678.31068266,41194.06042981,26291.59936479,5103.42857143,154.28571429,164.57142857,-10117.88963645,182.00000000,182.85714286,High displacement
51,fixed_0.2,0.20000000,0.20000000,1617,127,167,1577,1,49842.43415488,43063.86310981,23664.33046438,5103.42857143,154.28571429,164.57142857,-14614.96121687,182.00000000,182.85714286,High displacement
52,fixed_0.2,0.20000000,0.20000000,1577,146,169,1554,4,54241.19177071,46864.38968989,26246.74309107,5103.42857143,154.28571429,164.57142857,-15833.07517026,182.00000000,182.85714286,High displacement
53,fixed_0.2,0.20000000,0.20000000,1554,149,171,1532,4,54791.41316895,47339.78097797,24398.45599782,5103.42857143,154.28571429,164.57142857,-18156.75355158,182.50000000,182.85714286,High displacement
54,fixed_0.2,0.20000000,0.20000000,1532,158,172,1518,5,57260.40573583,49472.99055576,30281.45991050,5103.42857143,154.28571429,164.57142857,-14406.95921668,182.50000000,182.85714286,High displacement
55,fixed_0.2,0.20000000,0.20000000,1518,161,169,1510,3,64685.01115396,55887.84963702,22906.35883607,5103.42857143,154.28571429,164.57142857,-28196.91937238,182.25000000,182.85714286,High displacement
56,fixed_0.2,0.20000000,0.20000000,1510,228,173,1565,6,85446.76925651,73826.00863763,22742.37243758,5103.42857143,154.28571429,164.57142857,-46299.06477147,182.50000000,182.85714286,High displacement
57,fixed_0.2,0.20000000,0.20000000,1565,227,167,1625,2,80244.47517649,69331.22655249,25150.46018897,5103.42857143,154.28571429,164.57142857,-39396.19493495,182.75000000,182.85714286,High displacement
58,fixed_0.2,0.20000000,0.20000000,1625,235,168,1692,3,89668.77804797,77473.82423344,29028.08827174,5103.42857143,154.28571429,164.57142857,-43661.16453313,182.00000000,182.85714286,High displacement
59,fixed_0.2,0.20000000,0.20000000,1692,256,168,1780,2,92064.72422474,79543.92173017,27686.81850474,5103.42857143,154.28571429,164.57142857,-47072.53179686,182.75000000,182.85714286,High displacement
60,fixed_0.2,0.20000000,0.20000000,1780,254,167,1867,2,96678.49456682,83530.21930573,26202.32865647,5103.42857143,154.28571429,164.57142857,-52543.31922069,182.75000000,182.85714286,High displacement
61,fixed_0.2,0.20000000,0.20000000,1867,210,171,1906,4,83280.49208401,71954.34516059,26716.42287595,5103.42857143,154.28571429,164.57142857,-40453.35085606,182.25000000,182.85714286,High displacement
62,fixed_0.2,0.20000000,0.20000000,1906,209,164,1951,3,78575.21883546,67888.98907384,18069.05932098,5103.42857143,154.28571429,164.57142857,-45035.35832429,182.75000000,182.85714286,High displacement
63,fixed_0.2,0.20000000,0.20000000,1951,221,168,2004,2,90545.51364698,78231.32379099,23109.47848121,5103.42857143,154.28571429,164.57142857,-50337.27388121,182.75000000,182.85714286,High displacement
64,fixed_0.2,0.20000000,0.20000000,2004,199,168,2035,3,75934.24880857,65607.19097060,27646.50848683,5103.42857143,154.28571429,164.57142857,-33176.11105520,182.75000000,182.85714286,High displacement
65,fixed_0.2,0.20000000,0.20000000,2035,245,167,2113,2,97666.94024097,84384.23636820,23827.46467212,5103.42857143,154.28571429,164.57142857,-55772.20026751,182.25000000,182.85714286,High displacement
66,fixed_0.2,0.20000000,0.20000000,2113,204,167,2150,3,79988.35452289,69109.93830777,21197.96683152,5103.42857143,154.28571429,164.57142857,-43127.40004768,182.75000000,182.85714286,High displacement
67,fixed_0.2,0.20000000,0.20000000,2150,218,167,2201,3,79420.70957104,68619.49306938,23348.43092020,5103.42857143,154.28571429,164.57142857,-40486.49072061,182.75000000,182.85714286,High displacement
68,fixed_0.2,0.20000000,0.20000000,2201,219,172,2248,6,84107.56537725,72668.93648594,25242.07009297,5103.42857143,154.28571429,164.57142857,-42642.29496441,182.25000000,182.85714286,High displacement
69,fixed_0.2,0.20000000,0.20000000,2248,218,170,2296,5,81655.25344334,70550.13897505,20891.29857648,5103.42857143,154.28571429,164.57142857,-44874.26896999,182.25000000,182.85714286,High displacement
70,fixed_0.2,0.20000000,0.20000000,2296,226,176,2346,9,87123.76369840,75274.93183542,27673.43786216,5103.42857143,154.28571429,164.57142857,-42816.92254469,182.75000000,182.85714286,High displacement
71,fixed_0.2,0.20000000,0.20000000,2346,205,167,2384,3,77087.31834771,66603.44305242,19129.99887575,5103.42857143,154.28571429,164.57142857,-42688.87274810,182.00000000,182.85714286,High displacement
72,fixed_0.2,0.20000000,0.20000000,2384,206,171,2419,7,83375.74243275,72036.64146190,26329.78364074,5103.42857143,154.28571429,164.57142857,-40922.28639258,182.75000000,182.85714286,High displacement
73,fixed_0.2,0.20000000,0.20000000,2419,209,175,2453,10,78602.40383685,67912.47691504,26046.21979504,5103.42857143,154.28571429,164.57142857,-37081.68569142,182.50000000,182.85714286,High displacement
74,fixed_0.2,0.20000000,0.20000000,2453,224,172,2505,6,83589.27713882,72221.13544794,28006.58008308,5103.42857143,154.28571429,164.57142857,-39429.98393629,182.50000000,182.85714286,High displacement
75,fixed_0.2,0.20000000,0.20000000,2505,202,169,2538,5,76761.25364058,66321.72314546,28615.42775960,5103.42857143,154.28571429,164.57142857,-32921.72395729,182.25000000,182.85714286,High displacement
76,fixed_0.2,0.20000000,0.20000000,2538,219,171,2586,5,85471.37030121,73847.26394024,23647.66072452,5103.42857143,154.28571429,164.57142857,-45415.03178715,182.75000000,182.85714286,High displacement
77,fixed_0.2,0.20000000,0.20000000,2586,229,171,2644,6,83075.96854151,71777.63681987,26211.07274854,5103.42857143,154.28571429,164.57142857,-40781.99264276,182.00000000,182.85714286,High displacement
78,fixed_0.2,0.20000000,0.20000000,2644,197,232,2609,65,75972.45558747,65640.20162758,31939.29972667,5103.42857143,154.28571429,164.57142857,-28916.33047234,182.00000000,182.85714286,High displacement
79,fixed_0.2,0.20000000,0.20000000,2609,238,201,2646,37,89927.65193620,77697.49127287,23971.39603941,5103.42857143,154.28571429,164.57142857,-48941.52380489,182.00000000,182.85714286,High displacement
80,fixed_0.2,0.20000000,0.20000000,2646,222,217,2651,54,85209.38318043,73620.90706789,22409.69256893,5103.42857143,154.28571429,164.57142857,-46426.64307039,182.50000000,182.85714286,High displacement
81,fixed_0.2,0.20000000,0.20000000,2651,200,223,2628,56,76011.39136752,65673.84214154,25386.64442901,5103.42857143,154.28571429,164.57142857,-35502.62628395,182.75000000,182.85714286,High displacement
82,fixed_0.2,0.20000000,0.20000000,2628,243,217,2654,51,87604.61805280,75690.38999762,29105.43716847,5103.42857143,154.28571429,164.57142857,-41800.38140057,182.50000000,182.85714286,High displacement
83,fixed_0.2,0.20000000,0.20000000,2654,198,226,2626,60,77647.55305731,67087.48584152,26014.95404833,5103.42857143,154.28571429,164.57142857,-36287.96036462,182.25000000,182.85714286,High displacement
0,fixed_0.5,0.50000000,0.22250000,1870,181,182,1869,0,70999.59810445,57509.67446460,32097.05336851,5028.21428571,385.71428571,164.57142857,-20934.69252466,182.00000000,182.85714286,High displacement
1,fixed_0.5,0.50000000,0.24331250,1869,217,182,1904,0,93963.77281767,76110.65598231,30311.76853301,5028.21428571,385.71428571,164.57142857,-41320.95887787,182.00000000,182.85714286,High displacement
2,fixed_0.5,0.50000000,0.26256406,1904,218,182,1940,0,82399.16426409,66743.32305391,29603.98023773,5028.21428571,385.71428571,164.57142857,-32661.41424476,182.00000000,182.85714286,High displacement
3,fixed_0.5,0.50000000,0.28037176,1940,207,182,1965,0,79257.73234918,64198.76320283,28663.07688617,5028.21428571,385.71428571,164.57142857,-31057.75774524,182.00000000,182.85714286,High displacement
4,fixed_0.5,0.50000000,0.29684388,1965,192,182,1975,0,74876.66948591,60650.10228359,29401.42103351,5028.21428571,385.71428571,164.57142857,-26770.75267865,182.00000000,182.85714286,High displacement
5,fixed_0.5,0.50000000,0.31208059,1975,202,182,1995,0,72817.52853510,58982.19811343,30029.20415348,5028.21428571,385.71428571,164.57142857,-24475.06538853,182.00000000,182.85714286,High displacement
6,fixed_0.5,0.50000000,0.32617454,1995,226,182,2039,0,80767.64028370,65421.78862979,28164.84890623,5028.21428571,385.71428571,164.57142857,-32779.01115213,182.00000000,182.85714286,High displacement
7,fixed_0.5,0.50000000,0.33921145,2039,250,182,2107,0,94844.09878282,76823.72001408,34660.77348708,5028.21428571,385.71428571,164.57142857,-37685.01795557,182.00000000,182.85714286,High displacement
8,fixed_0.5,0.50000000,0.35127059,2107,244,182,2169,0,97388.74046470,78884.87977641,29844.71101503,5028.21428571,385.71428571,164.57142857,-44562.24018995,182.00000000,182.85714286,High displacement
9,fixed_0.5,0.50000000,0.36242530,2169,217,182,2204,0,80176.64776850,64943.08469249,34571.79514437,5028.21428571,385.71428571,164.57142857,-25893.36097668,182.00000000,182.85714286,High displacement
10,fixed_0.5,0.50000000,0.37274340,2204,222,170,2256,0,83076.07599251,67291.62155393,25531.89949879,5028.21428571,385.71428571,164.57142857,-37281.79348371,182.75000000,182.85714286,High displacement
11,fixed_0.5,0.50000000,0.38228765,2256,243,165,2334,0,87573.96118656,70934.90856111,23488.76391958,5028.21428571,385.71428571,164.57142857,-42968.21607010,182.75000000,182.85714286,High displacement
12,fixed_0.5,0.50000000,0.39111607,2334,218,165,2387,0,87643.75846215,70991.44435434,23720.19466436,5028.21428571,385.71428571,164.57142857,-42793.32111856,182.50000000,182.85714286,High displacement
13,fixed_0.5,0.50000000,0.39928237,2387,204,169,2422,2,82791.61669803,67061.20952540,27684.10068458,5028.21428571,385.71428571,164.57142857,-34899.18026939,182.75000000,182.85714286,High displacement
14,fixed_0.5,0.50000000,0.40683619,2422,237,169,2490,5,98112.78965309,79471.35961900,24184.28116131,5028.21428571,385.71428571,164.57142857,-50809.14988627,182.00000000,182.85714286,High displacement
15,fixed_0.5,0.50000000,0.41382347,2490,214,168,2536,2,84808.35596616,68694.76833259,22189.21736624,5028.21428571,385.71428571,164.57142857,-42027.62239492,182.50000000,182.85714286,High displacement
16,fixed_0.5,0.50000000,0.42028671,2536,252,167,2621,3,103974.46992969,84219.32064305,25102.96692528,5028.21428571,385.71428571,164.57142857,-54638.42514634,182.00000000,182.85714286,High displacement
17,fixed_0.5,0.50000000,0.42626521,2621,250,171,2700,4,89629.62667436,72599.99760623,26171.75395392,5028.21428571,385.71428571,164.57142857,-41950.31508088,182.25000000,182.85714286,High displacement
18,fixed_0.5,0.50000000,0.43179532,2700,219,172,2747,7,84364.52561571,68335.26574872,21415.66920292,5028.21428571,385.71428571,164.57142857,-42441.66797437,182.25000000,182.85714286,High displacement
19,fixed_0.5,0.50000000,0.43691067,2747,239,168,2818,3,96995.41156280,78566.28336587,27041.46875394,5028.21428571,385.71428571,164.57142857,-47046.88604050,182.00000000,182.85714286,High displacement
20,fixed_0.5,0.50000000,0.44164237,2818,219,226,2811,59,85013.96980427,68861.31554146,24018.24551543,5028.21428571,385.71428571,164.57142857,-40365.14145460,182.25000000,182.85714286,High displacement
21,fixed_0.5,0.50000000,0.44601919,2811,232,242,2801,77,82700.31774063,66987.25736991,23415.64075384,5028.21428571,385.71428571,164.57142857,-39093.68804464,182.00000000,182.85714286,High displacement
22,fixed_0.5,0.50000000,0.45006775,2801,244,218,2827,52,91607.24074864,74201.86500640,23728.99387140,5028.21428571,385.71428571,164.57142857,-45994.94256357,182.50000000,182.85714286,High displacement
23,fixed_0.5,0.50000000,0.45381267,2827,212,219,2820,56,79764.51148371,64609.25430181,22348.60490573,5028.21428571,385.71428571,164.57142857,-37782.72082465,182.25000000,182.85714286,High displacement
24,fixed_0.5,0.50000000,0.45727672,2820,233,246,2807,80,91019.69939468,73725.95650969,23834.81396589,5028.21428571,385.71428571,164.57142857,-45413.21397238,182.75000000,182.85714286,High displacement
25,fixed_0.5,0.50000000,0.46048097,2807,244,219,2832,52,90869.37213211,73604.19142701,26143.90200511,5028.21428571,385.71428571,164.57142857,-42982.36085047,182.25000000,182.85714286,High displacement
26,fixed_0.5,0.50000000,0.46344489,2832,231,205,2858,37,78336.62907664,63452.66955208,25785.97463813,5028.21428571,385.71428571,164.57142857,-33188.76634251,182.50000000,182.85714286,High displacement
27,fixed_0.5,0.50000000,0.46618653,2858,234,235,2857,69,87141.05674421,70584.25596281,26464.00660541,5028.21428571,385.71428571,164.57142857,-39642.32078597,182.75000000,182.85714286,High displacement
28,fixed_0.5,0.50000000,0.46872254,2857,126,214,2769,48,40719.73220568,32982.98308660,28296.15832626,5028.21428571,385.71428571,164.57142857,-208.89618891,182.50000000,182.85714286,High displacement
29,fixed_0.5,0.50000000,0.47106835,2769,129,253,2645,86,51281.68915423,41538.16821493,26189.94429866,5028.21428571,385.71428571,164.57142857,-10870.29534484,182.50000000,182.85714286,High displacement
30,fixed_0.5,0.50000000,0.47323822,2645,134,248,2531,83,51653.87696528,41839.64034188,22658.34024531,5028.21428571,385.71428571,164.57142857,-14703.37152514,182.00000000,182.85714286,High displacement
31,fixed_0.5,0.50000000,0.47524536,2531,143,220,2454,54,57156.31848041,46296.61796913,23963.13151753,5028.21428571,385.71428571,164.57142857,-17855.55788017,182.75000000,182.85714286,High displacement
32,fixed_0.5,0.50000000,0.47710195,2454,129,239,2344,73,48441.18016131,39237.35593066,23236.99532700,5028.21428571,385.71428571,164.57142857,-11522.43203224,182.00000000,182.85714286,High displacement
33,fixed_0.5,0.50000000,0.47881931,2344,141,218,2267,53,52098.36899213,42199.67888363,21703.15721874,5028.21428571,385.71428571,164.57142857,-16018.59309346,182.50000000,182.85714286,High displacement
34,fixed_0.5,0.50000000,0.48040786,2267,149,232,2184,67,48664.56363619,39418.29654531,22514.94179341,5028.21428571,385.71428571,164.57142857,-12425.42618047,182.25000000,182.85714286,High displacement
35,fixed_0.5,0.50000000,0.48187727,2184,141,246,2079,79,53860.93743447,43627.35932192,22900.00135486,5028.21428571,385.71428571,164.57142857,-16249.42939563,182.75000000,182.85714286,High displacement
36,fixed_0.5,0.50000000,0.48323647,2079,150,212,2017,45,61821.48664286,50075.40418071,25191.57411866,5028.21428571,385.71428571,164.57142857,-20405.90149063,182.00000000,182.85714286,High displacement
37,fixed_0.5,0.50000000,0.48449374,2017,160,233,1944,66,64074.43268643,51900.29047601,22928.73842933,5028.21428571,385.71428571,164.57142857,-24493.62347524,182.50000000,182.85714286,High displacement
38,fixed_0.5,0.50000000,0.48565671,1944,130,243,1831,77,49199.39210224,39851.50760281,21057.74817219,5028.21428571,385.71428571,164.57142857,-14315.83085919,182.25000000,182.85714286,High displacement
39,fixed_0.5,0.50000000,0.48673246,1831,146,231,1746,65,59302.51478464,48035.03697556,21836.48967531,5028.21428571,385.71428571,164.57142857,-21720.61872883,182.75000000,182.85714286,High displacement
40,fixed_0.5,0.50000000,0.48772752,1746,137,236,1647,68,51347.83902110,41591.74960709,21769.34039773,5028.21428571,385.71428571,164.57142857,-15344.48063793,182.50000000,182.85714286,High displacement
41,fixed_0.5,0.50000000,0.48864796,1647,146,169,1624,5,56772.81141057,45985.97724256,20473.75184062,5028.21428571,385.71428571,164.57142857,-21034.29683051,182.25000000,182.85714286,High displacement
42,fixed_0.5,0.50000000,0.48949936,1624,143,168,1599,2,52582.30309519,42591.66550711,22077.28780761,5028.21428571,385.71428571,164.57142857,-16036.44912807,182.75000000,182.85714286,High displacement
43,fixed_0.5,0.50000000,0.49028691,1599,163,168,1594,3,65517.20582339,53068.93671695,26309.35689444,5028.21428571,385.71428571,164.57142857,-22281.65125108,182.75000000,182.85714286,High displacement
44,fixed_0.5,0.50000000,0.49101539,1594,125,163,1556,0,49051.99814433,39732.11849690,21196.05312930,5028.21428571,385.71428571,164.57142857,-14058.13679618,182.50000000,182.85714286,High displacement
45,fixed_0.5,0.50000000,0.49168924,1556,132,169,1519,2,48591.03998326,39358.74238644,26025.90475300,5028.21428571,385.71428571,164.57142857,-8854.90906201,182.25000000,182.85714286,High displacement
46,fixed_0.5,0.50000000,0.49231254,1519,119,170,1468,4,45200.20918617,36612.16944080,27569.13930990,5028.21428571,385.71428571,164.57142857,-4565.10155947,182.25000000,182.85714286,High displacement
47,fixed_0.5,0.50000000,0.49288910,1468,125,165,1428,0,48475.80290333,39265.40035170,22744.89098764,5028.21428571,385.71428571,164.57142857,-12042.58079263,182.00000000,182.85714286,High displacement
48,fixed_0.5,0.50000000,0.49342242,1428,141,169,1400,5,61654.93854248,49940.50021941,21523.18152083,5028.21428571,385.71428571,164.57142857,-23939.39012716,182.25000000,182.85714286,High displacement
49,fixed_0.5,0.50000000,0.49391574,1400,146,167,1379,2,59854.83372181,48482.41531467,24293.34999051,5028.21428571,385.71428571,164.57142857,-19711.13675273,182.25000000,182.85714286,High displacement
50,fixed_0.5,0.50000000,0.49437206,1379,126,167,1338,1,44595.70805410,36122.52352382,22744.54174538,5028.21428571,385.71428571,164.57142857,-8900.05320701,182.25000000,182.85714286,High displacement
51,fixed_0.5,0.50000000,0.49479415,1338,118,166,1290,1,46094.81083334,37336.79677500,23771.01142894,5028.21428571,385.71428571,164.57142857,-9087.85677463,182.25000000,182.85714286,High displacement
52,fixed_0.5,0.50000000,0.49518459,1290,137,171,1256,4,51826.39570591,41979.38052178,22830.72297625,5028.21428571,385.71428571,164.57142857,-14670.72897410,182.75000000,182.85714286,High displacement
53,fixed_0.5,0.50000000,0.49554575,1256,137,171,1222,3,51027.80424387,41332.52143754,26625.32317228,5028.21428571,385.71428571,164.57142857,-10229.26969383,182.75000000,182.85714286,High displacement
54,fixed_0.5,0.50000000,0.49587982,1222,147,168,1201,3,53469.66848733,43310.43147473,19681.00377539,5028.21428571,385.71428571,164.57142857,-19151.49912791,182.75000000,182.85714286,High displacement
55,fixed_0.5,0.50000000,0.49618883,1201,147,170,1178,3,59067.54262367,47844.70952517,27816.37419189,5028.21428571,385.71428571,164.57142857,-15550.40676185,182.00000000,182.85714286,High displacement
56,fixed_0.5,0.50000000,0.49647467,1178,204,169,1213,6,75428.51216412,61097.09485294,20939.60649026,5028.21428571,385.71428571,164.57142857,-35679.55979124,182.00000000,182.85714286,High displacement
57,fixed_0.5,0.50000000,0.49673907,1213,207,169,1251,2,72302.15981013,58564.74944621,28959.01275450,5028.21428571,385.71428571,164.57142857,-25127.80812028,182.75000000,182.85714286,High displacement
58,fixed_0.5,0.50000000,0.49698364,1251,212,167,1296,3,81417.52213153,65948.19292654,27886.38463422,5028.21428571,385.71428571,164.57142857,-33583.87972089,182.00000000,182.85714286,High displacement
59,fixed_0.5,0.50000000,0.49720986,1296,245,169,1372,2,88794.59487007,71923.62184476,23825.63316565,5028.21428571,385.71428571,164.57142857,-43620.06010768,182.50000000,182.85714286,High displacement
60,fixed_0.5,0.50000000,0.49741913,1372,231,164,1439,2,89228.29191938,72274.91645470,19415.40525568,5028.21428571,385.71428571,164.57142857,-48381.58262759,182.00000000,182.85714286,High displacement
61,fixed_0.5,0.50000000,0.49761269,1439,198,169,1468,4,77710.02097152,62945.11698693,20556.71942910,5028.21428571,385.71428571,164.57142857,-37910.46898640,182.00000000,182.85714286,High displacement
62,fixed_0.5,0.50000000,0.49779174,1468,193,167,1494,3,71730.38375031,58101.61083775,26463.39590600,5028.21428571,385.71428571,164.57142857,-27160.28636033,182.25000000,182.85714286,High displacement
63,fixed_0.5,0.50000000,0.49795736,1494,202,168,1528,2,83945.36979385,67995.74953302,21096.29851605,5028.21428571,385.71428571,164.57142857,-42421.52244554,182.25000000,182.85714286,High displacement
64,fixed_0.5,0.50000000,0.49811056,1528,187,167,1548,2,70961.21046652,57478.58047788,19465.98157098,5028.21428571,385.71428571,164.57142857,-33534.67033547,182.75000000,182.85714286,High displacement
65,fixed_0.5,0.50000000,0.49825226,1548,230,165,1613,2,91190.65593259,73864.43130540,22221.59067808,5028.21428571,385.71428571,164.57142857,-47164.91205589,182.75000000,182.85714286,High displacement
66,fixed_0.5,0.50000000,0.49838335,1613,189,169,1633,2,73514.89839291,59547.06769825,20671.56020427,5028.21428571,385.71428571,164.57142857,-34397.57892255,182.50000000,182.85714286,High displacement
67,fixed_0.5,0.50000000,0.49850459,1633,206,170,1669,3,73578.36385450,59598.47472214,25749.26361997,5028.21428571,385.71428571,164.57142857,-29371.28253075,182.25000000,182.85714286,High displacement
68,fixed_0.5,0.50000000,0.49861675,1669,204,169,1704,6,78930.14359364,63933.41631085,20055.69417857,5028.21428571,385.71428571,164.57142857,-39399.79356085,182.75000000,182.85714286,High displacement
69,fixed_0.5,0.50000000,0.49872049,1704,195,170,1729,5,73113.09159068,59221.60418845,22465.31754446,5028.21428571,385.71428571,164.57142857,-32278.35807256,182.50000000,182.85714286,High displacement
70,fixed_0.5,0.50000000,0.49881646,1729,210,172,1767,8,81542.18912580,66049.17319190,23405.89096109,5028.21428571,385.71428571,164.57142857,-38165.35365938,182.75000000,182.85714286,High displacement
71,fixed_0.5,0.50000000,0.49890522,1767,191,169,1789,3,71731.09614782,58102.18787974,28426.20586646,5028.21428571,385.71428571,164.57142857,-25198.05344185,182.00000000,182.85714286,High displacement
72,fixed_0.5,0.50000000,0.49898733,1789,189,170,1808,7,78113.27139832,63271.74983264,25101.50854498,5028.21428571,385.71428571,164.57142857,-33692.31271623,182.50000000,182.85714286,High displacement
73,fixed_0.5,0.50000000,0.49906328,1808,200,176,1832,10,74529.47486203,60368.87463825,23934.74891064,5028.21428571,385.71428571,164.57142857,-31956.19715618,182.50000000,182.85714286,High displacement
74,fixed_0.5,0.50000000,0.49913353,1832,203,172,1863,6,76918.09672637,62303.65834836,25372.82405440,5028.21428571,385.71428571,164.57142857,-32452.90572253,182.75000000,182.85714286,High displacement
75,fixed_0.5,0.50000000,0.49919852,1863,189,171,1881,5,71350.14534385,57793.61772852,28775.91863636,5028.21428571,385.71428571,164.57142857,-24539.77052073,182.00000000,182.85714286,High displacement
76,fixed_0.5,0.50000000,0.49925863,1881,205,170,1916,4,79982.74380892,64786.02248523,25497.78102083,5028.21428571,385.71428571,164.57142857,-34810.31289297,182.25000000,182.85714286,High displacement
77,fixed_0.5,0.50000000,0.49931423,1916,211,169,1958,6,75910.55919780,61487.55295022,19101.19061346,5028.21428571,385.71428571,164.57142857,-37908.43376534,182.00000000,182.85714286,High displacement
78,fixed_0.5,0.50000000,0.49936567,1958,186,170,1974,6,71442.62693911,57868.52782068,20958.60585553,5028.21428571,385.71428571,164.57142857,-32431.99339372,182.75000000,182.85714286,High displacement
79,fixed_0.5,0.50000000,0.49941324,1974,221,169,2026,2,83698.85064036,67796.06901869,24735.63350872,5028.21428571,385.71428571,164.57142857,-38582.50693855,182.50000000,182.85714286,High displacement
80,fixed_0.5,0.50000000,0.49945725,2026,208,168,2066,2,80571.45277186,65262.87674521,26856.35442478,5028.21428571,385.71428571,164.57142857,-33928.59374900,182.75000000,182.85714286,High displacement
81,fixed_0.5,0.50000000,0.49949795,2066,185,170,2081,3,70337.03872996,56973.00137127,25953.54663041,5028.21428571,385.71428571,164.57142857,-26541.52616943,182.75000000,182.85714286,High displacement
82,fixed_0.5,0.50000000,0.49953561,2081,224,173,2132,5,82183.36791510,66568.52801123,21340.93475100,5028.21428571,385.71428571,164.57142857,-40749.66468880,182.50000000,182.85714286,High displacement
83,fixed_0.5,0.50000000,0.49957044,2132,180,170,2142,4,69024.06977748,55909.49651976,26707.19649767,5028.21428571,385.71428571,164.57142857,-24724.37145066,182.25000000,182.85714286,High displacement
0,fixed_0.8,0.80000000,0.24500000,1870,145,182,1833,0,54968.07975002,41555.86829102,32097.05336851,4953.00000000,617.14285714,164.57142857,-5287.52920822,182.00000000,182.85714286,High displacement
1,fixed_0.8,0.80000000,0.28662500,1833,178,182,1829,0,73523.52465497,55583.78463916,30311.76853301,4953.00000000,617.14285714,164.57142857,-21100.73039186,182.00000000,182.85714286,High displacement
2,fixed_0.8,0.80000000,0.32512812,1829,183,182,1830,0,67380.80644784,50939.88967457,29603.98023773,4953.00000000,617.14285714,164.57142857,-17164.62372256,182.00000000,182.85714286,High displacement
3,fixed_0.8,0.80000000,0.36074352,1830,186,182,1834,0,71012.57899153,53685.50971760,28663.07688617,4953.00000000,617.14285714,164.57142857,-20851.14711714,182.00000000,182.85714286,High displacement
4,fixed_0.8,0.80000000,0.39368775,1834,168,182,1820,0,66640.21322441,50380.00119765,29401.42103351,4953.00000000,617.14285714,164.57142857,-16807.29444985,182.00000000,182.85714286,High displacement
5,fixed_0.8,0.80000000,0.42416117,1820,173,182,1811,0,62464.62834796,47223.25903106,30029.20415348,4953.00000000,617.14285714,164.57142857,-13022.76916330,182.00000000,182.85714286,High displacement
6,fixed_0.8,0.80000000,0.45234908,1811,209,182,1838,0,75488.41442189,57069.24130295,28164.84890623,4953.00000000,617.14285714,164.57142857,-24733.10668243,182.00000000,182.85714286,High displacement
7,fixed_0.8,0.80000000,0.47842290,1838,229,182,1885,0,87321.53724667,66015.08215848,34660.77348708,4953.00000000,617.14285714,164.57142857,-27183.02295711,182.00000000,182.85714286,High displacement
8,fixed_0.8,0.80000000,0.50254118,1885,219,182,1922,0,83616.21406871,63213.85783595,29844.71101503,4953.00000000,617.14285714,164.57142857,-29197.86110663,182.00000000,182.85714286,High displacement
9,fixed_0.8,0.80000000,0.52485060,1922,211,182,1951,0,77881.94141243,58878.74770779,34571.79514437,4953.00000000,617.14285714,164.57142857,-20135.66684913,182.00000000,182.85714286,High displacement
10,fixed_0.8,0.80000000,0.54548680,1951,216,169,1998,0,80999.69165234,61235.76688917,23315.12176870,4953.00000000,617.14285714,164.57142857,-33749.35940618,182.50000000,182.85714286,High displacement
11,fixed_0.8,0.80000000,0.56457529,1998,239,165,2072,0,85221.97197242,64427.81081115,21828.51152948,4953.00000000,617.14285714,164.57142857,-38428.01356738,182.25000000,182.85714286,High displacement
12,fixed_0.8,0.80000000,0.58223214,2072,211,164,2119,0,85534.16320291,64663.82738140,23267.37073941,4953.00000000,617.14285714,164.57142857,-37225.17092770,182.50000000,182.85714286,High displacement
13,fixed_0.8,0.80000000,0.59856473,2119,200,168,2151,1,81817.20402608,61853.80624372,25781.27622929,4953.00000000,617.14285714,164.57142857,-31901.24430014,182.75000000,182.85714286,High displacement
14,fixed_0.8,0.80000000,0.61367238,2151,233,170,2214,4,95696.15437843,72346.29271009,23206.20877660,4953.00000000,617.14285714,164.57142857,-44968.79821921,182.75000000,182.85714286,High displacement
15,fixed_0.8,0.80000000,0.62764695,2214,213,166,2261,1,84236.79144437,63683.01433194,23464.63905236,4953.00000000,617.14285714,164.57142857,-36047.08956530,182.75000000,182.85714286,High displacement
16,fixed_0.8,0.80000000,0.64057343,2261,246,170,2337,3,101973.08171418,77091.64977592,23451.13165170,4953.00000000,617.14285714,164.57142857,-49469.23240993,182.00000000,182.85714286,High displacement
17,fixed_0.8,0.80000000,0.65253042,2337,248,167,2418,4,88810.28792636,67140.57767233,19642.96449229,4953.00000000,617.14285714,164.57142857,-43326.32746576,182.50000000,182.85714286,High displacement
18,fixed_0.8,0.80000000,0.66359064,2418,219,172,2465,6,84364.52561571,63779.58136547,27126.53004875,4953.00000000,617.14285714,164.57142857,-32481.76560243,182.75000000,182.85714286,High displacement
19,fixed_0.8,0.80000000,0.67382134,2465,239,170,2534,3,96995.41156280,73328.53114148,20689.36737990,4953.00000000,617.14285714,164.57142857,-48467.87804729,182.50000000,182.85714286,High displacement
20,fixed_0.8,0.80000000,0.68328474,2534,223,171,2586,5,86274.00230635,65223.14574360,23390.88891492,4953.00000000,617.14285714,164.57142857,-37660.97111440,182.00000000,182.85714286,High displacement
21,fixed_0.8,0.80000000,0.69203839,2586,233,171,2648,5,82834.17072174,62622.63306564,22673.70233784,4953.00000000,617.14285714,164.57142857,-35777.64501352,182.25000000,182.85714286,High displacement
22,fixed_0.8,0.80000000,0.70013551,2648,248,167,2729,5,93371.63922390,70588.95925327,21164.97310920,4953.00000000,617.14285714,164.57142857,-45252.70042978,182.75000000,182.85714286,High displacement
23,fixed_0.8,0.80000000,0.70762534,2729,217,166,2780,2,81421.05913414,61554.32070541,18024.24411694,4953.00000000,617.14285714,164.57142857,-39358.79087419,182.50000000,182.85714286,High displacement
24,fixed_0.8,0.80000000,0.71455344,2780,239,216,2803,50,93531.59814063,70709.88819432,22967.22115352,4953.00000000,617.14285714,164.57142857,-43571.38132651,182.75000000,182.85714286,High displacement
25,fixed_0.8,0.80000000,0.72096193,2803,251,213,2841,45,94554.50881986,71483.20866781,24610.37827811,4953.00000000,617.14285714,164.57142857,-42701.54467542,182.75000000,182.85714286,High displacement
26,fixed_0.8,0.80000000,0.72688979,2841,235,200,2876,32,79577.74771930,60160.77727579,23790.61986108,4953.00000000,617.14285714,164.57142857,-32198.87170042,182.50000000,182.85714286,High displacement
27,fixed_0.8,0.80000000,0.73237306,2876,238,231,2883,65,90426.39986687,68362.35829935,24332.45213668,4953.00000000,617.14285714,164.57142857,-39858.62044839,182.75000000,182.85714286,High displacement
28,fixed_0.8,0.80000000,0.73744508,2883,129,214,2798,47,42173.43424196,31883.11628692,28125.49476790,4953.00000000,617.14285714,164.57142857,413.66419526,182.75000000,182.85714286,High displacement
29,fixed_0.8,0.80000000,0.74213670,2798,133,246,2685,79,53094.75128152,40139.63196883,24510.60384673,4953.00000000,617.14285714,164.57142857,-11457.74240781,182.50000000,182.85714286,High displacement
30,fixed_0.8,0.80000000,0.74647644,2685,141,246,2580,81,53753.35754516,40637.53830414,21147.78422896,4953.00000000,617.14285714,164.57142857,-15318.46836090,182.00000000,182.85714286,High displacement
31,fixed_0.8,0.80000000,0.75049071,2580,148,220,2508,54,59535.10588039,45008.54004557,22365.58941636,4953.00000000,617.14285714,164.57142857,-18471.66491492,182.75000000,182.85714286,High displacement
32,fixed_0.8,0.80000000,0.75420391,2508,132,239,2401,73,49458.49708478,37390.62379609,21353.46857629,4953.00000000,617.14285714,164.57142857,-11865.86950552,182.25000000,182.85714286,High displacement
33,fixed_0.8,0.80000000,0.75763861,2401,146,222,2325,57,54243.05696440,41007.75106509,20097.80604801,4953.00000000,617.14285714,164.57142857,-16738.65930279,182.75000000,182.85714286,High displacement
34,fixed_0.8,0.80000000,0.76081572,2325,156,233,2248,68,50194.13007189,37946.76233435,21469.32367584,4953.00000000,617.14285714,164.57142857,-12306.15294422,182.00000000,182.85714286,High displacement
35,fixed_0.8,0.80000000,0.76375454,2248,145,250,2143,83,55226.63659768,41751.33726785,21112.13804457,4953.00000000,617.14285714,164.57142857,-16467.91350899,182.75000000,182.85714286,High displacement
36,fixed_0.8,0.80000000,0.76647295,2143,152,217,2078,50,62325.41901141,47118.01677263,23759.71153980,4953.00000000,617.14285714,164.57142857,-19187.01951855,182.00000000,182.85714286,High displacement
37,fixed_0.8,0.80000000,0.76898748,2078,166,239,2005,72,66448.89705249,50235.36617168,20616.85759859,4953.00000000,617.14285714,164.57142857,-25447.22285881,182.25000000,182.85714286,High displacement
38,fixed_0.8,0.80000000,0.77131342,2005,135,250,1890,84,51050.99444260,38594.55179861,19850.26845205,4953.00000000,617.14285714,164.57142857,-14572.99763227,182.00000000,182.85714286,High displacement
39,fixed_0.8,0.80000000,0.77346491,1890,152,235,1807,69,61196.13735383,46264.27983950,21035.51892235,4953.00000000,617.14285714,164.57142857,-21057.47520287,182.75000000,182.85714286,High displacement
40,fixed_0.8,0.80000000,0.77545504,1807,144,240,1711,72,54494.17884640,41197.59920788,20686.43128416,4953.00000000,617.14285714,164.57142857,-16339.88220943,182.50000000,182.85714286,High displacement
41,fixed_0.8,0.80000000,0.77729591,1711,153,169,1695,5,59045.31342913,44638.25695242,18431.88049372,4953.00000000,617.14285714,164.57142857,-22035.09074441,182.00000000,182.85714286,High displacement
42,fixed_0.8,0.80000000,0.77899872,1695,147,168,1674,2,53969.08702296,40800.62978936,21322.00098463,4953.00000000,617.14285714,164.57142857,-15307.34309045,182.25000000,182.85714286,High displacement
43,fixed_0.8,0.80000000,0.78057382,1674,169,168,1675,3,67461.41740188,51000.83155582,23281.33424781,4953.00000000,617.14285714,164.57142857,-23548.21159373,182.75000000,182.85714286,High displacement
44,fixed_0.8,0.80000000,0.78203078,1675,133,164,1644,0,51620.26430688,39024.91981600,21496.96389666,4953.00000000,617.14285714,164.57142857,-13356.67020505,182.75000000,182.85714286,High displacement
45,fixed_0.8,0.80000000,0.78337847,1644,143,169,1618,2,53346.81055241,40330.18877762,21807.21422756,4953.00000000,617.14285714,164.57142857,-14351.68883577,182.75000000,182.85714286,High displacement
46,fixed_0.8,0.80000000,0.78462509,1618,125,168,1575,4,47829.63123477,36159.20121348,25290.43108777,4953.00000000,617.14285714,164.57142857,-6697.48441143,182.00000000,182.85714286,High displacement
47,fixed_0.8,0.80000000,0.78577820,1575,133,166,1542,0,51109.30026462,38638.63100006,22722.37355501,4953.00000000,617.14285714,164.57142857,-11744.97173076,182.25000000,182.85714286,High displacement
48,fixed_0.8,0.80000000,0.78684484,1542,144,171,1515,5,63163.91555264,47751.92015780,20716.05693463,4953.00000000,617.14285714,164.57142857,-22864.57750889,182.00000000,182.85714286,High displacement
49,fixed_0.8,0.80000000,0.78783148,1515,154,166,1503,2,62759.30495937,47446.03454928,22082.25463321,4953.00000000,617.14285714,164.57142857,-21192.49420179,182.00000000,182.85714286,High displacement
50,fixed_0.8,0.80000000,0.78874412,1503,133,165,1471,1,46516.89394690,35166.77182386,21579.56014471,4953.00000000,617.14285714,164.57142857,-9415.92596486,182.50000000,182.85714286,High displacement
51,fixed_0.8,0.80000000,0.78958831,1471,124,168,1427,1,49212.11425399,37204.35837602,21868.43578716,4953.00000000,617.14285714,164.57142857,-11164.63687457,182.25000000,182.85714286,High displacement
52,fixed_0.8,0.80000000,0.79036918,1427,142,171,1398,4,52993.47522383,40063.06726922,20461.71806409,4953.00000000,617.14285714,164.57142857,-15430.06349084,182.50000000,182.85714286,High displacement
53,fixed_0.8,0.80000000,0.79109150,1398,143,169,1372,3,53113.50084840,40153.80664139,25070.17894418,4953.00000000,617.14285714,164.57142857,-10912.34198292,182.75000000,182.85714286,High displacement
54,fixed_0.8,0.80000000,0.79175963,1372,155,170,1357,4,56666.51780487,42839.88746048,23210.44907737,4953.00000000,617.14285714,164.57142857,-15458.15266882,182.00000000,182.85714286,High displacement
55,fixed_0.8,0.80000000,0.79237766,1357,158,171,1344,3,63332.62153340,47879.46187925,19727.77346979,4953.00000000,617.14285714,164.57142857,-23980.40269517,182.50000000,182.85714286,High displacement
56,fixed_0.8,0.80000000,0.79294934,1344,223,171,1396,6,84214.37136797,63666.06475418,20983.10574685,4953.00000000,617.14285714,164.57142857,-38511.67329305,182.50000000,182.85714286,High displacement
57,fixed_0.8,0.80000000,0.79347814,1396,217,167,1446,2,77123.68657078,58305.50704751,24251.35061347,4953.00000000,617.14285714,164.57142857,-29882.87071975,182.75000000,182.85714286,High displacement
58,fixed_0.8,0.80000000,0.79396728,1446,232,168,1510,3,89016.77107800,67296.67893497,25584.27422277,4953.00000000,617.14285714,164.57142857,-37541.11899792,182.25000000,182.85714286,High displacement
59,fixed_0.8,0.80000000,0.79441973,1510,253,167,1596,2,91024.02610696,68814.16373686,24577.92862331,4953.00000000,617.14285714,164.57142857,-40064.94939927,182.50000000,182.85714286,High displacement
60,fixed_0.8,0.80000000,0.79483825,1596,246,169,1673,2,94191.56689630,71208.82457360,23526.27913602,4953.00000000,617.14285714,164.57142857,-43511.25972330,182.00000000,182.85714286,High displacement
61,fixed_0.8,0.80000000,0.79522538,1673,209,166,1716,4,83058.77077609,62792.43070672,15857.06250745,4953.00000000,617.14285714,164.57142857,-42764.08248499,182.75000000,182.85714286,High displacement
62,fixed_0.8,0.80000000,0.79558348,1716,205,168,1753,3,76456.91403251,57801.42700858,20838.05784805,4953.00000000,617.14285714,164.57142857,-32792.08344625,182.50000000,182.85714286,High displacement
63,fixed_0.8,0.80000000,0.79591472,1753,214,167,1800,2,87468.25315551,66125.99938557,23983.57445798,4953.00000000,617.14285714,164.57142857,-37971.13921330,182.75000000,182.85714286,High displacement
64,fixed_0.8,0.80000000,0.79622111,1800,195,168,1827,2,74099.11361579,56018.92989353,21158.13081171,4953.00000000,617.14285714,164.57142857,-30689.51336754,182.50000000,182.85714286,High displacement
65,fixed_0.8,0.80000000,0.79650453,1827,242,166,1903,2,95817.95824932,72438.37643648,18402.67572588,4953.00000000,617.14285714,164.57142857,-49864.41499632,182.00000000,182.85714286,High displacement
66,fixed_0.8,0.80000000,0.79676669,1903,198,166,1935,3,77443.51321783,58547.29599268,20862.66908601,4953.00000000,617.14285714,164.57142857,-33513.34119238,182.75000000,182.85714286,High displacement
67,fixed_0.8,0.80000000,0.79700919,1935,215,170,1980,3,77275.07664791,58419.95794582,20303.70843215,4953.00000000,617.14285714,164.57142857,-33944.96379939,182.25000000,182.85714286,High displacement
68,fixed_0.8,0.80000000,0.79723350,1980,216,171,2025,6,83290.20703675,62967.39651978,19517.04460536,4953.00000000,617.14285714,164.57142857,-39279.06620013,182.25000000,182.85714286,High displacement
69,fixed_0.8,0.80000000,0.79744099,2025,210,170,2065,5,78730.44736163,59520.21820540,23965.40106794,4953.00000000,617.14285714,164.57142857,-31383.53142317,182.25000000,182.85714286,High displacement
70,fixed_0.8,0.80000000,0.79763291,2065,219,172,2112,8,84210.54717404,63663.17366358,17422.60658739,4953.00000000,617.14285714,164.57142857,-42069.28136190,182.00000000,182.85714286,High displacement
71,fixed_0.8,0.80000000,0.79781044,2112,200,168,2144,3,75033.52540537,56725.34520646,22920.76690342,4953.00000000,617.14285714,164.57142857,-29633.29258876,182.50000000,182.85714286,High displacement
72,fixed_0.8,0.80000000,0.79797466,2144,199,171,2172,7,81473.96447248,61594.31714119,22648.07732227,4953.00000000,617.14285714,164.57142857,-34774.95410464,182.50000000,182.85714286,High displacement
73,fixed_0.8,0.80000000,0.79812656,2172,205,177,2200,10,76244.81715615,57641.08177005,25880.87445831,4953.00000000,617.14285714,164.57142857,-27588.92159745,182.75000000,182.85714286,High displacement
74,fixed_0.8,0.80000000,0.79826707,2200,219,170,2249,6,81366.92476216,61513.39512019,23356.33619303,4953.00000000,617.14285714,164.57142857,-33985.77321288,182.50000000,182.85714286,High displacement
75,fixed_0.8,0.80000000,0.79839704,2249,199,171,2277,5,75502.53948076,57079.91984745,21857.50643274,4953.00000000,617.14285714,164.57142857,-31051.12770042,182.50000000,182.85714286,High displacement
76,fixed_0.8,0.80000000,0.79851726,2277,215,170,2322,5,82824.92896329,62615.64629625,23105.31903116,4953.00000000,617.14285714,164.57142857,-35339.04155080,182.50000000,182.85714286,High displacement
77,fixed_0.8,0.80000000,0.79862847,2322,224,174,2372,6,81274.46567124,61443.49604746,28267.55455389,4953.00000000,617.14285714,164.57142857,-29004.65577928,182.50000000,182.85714286,High displacement
78,fixed_0.8,0.80000000,0.79873133,2372,191,172,2391,7,73211.33885833,55347.77217689,21903.44777418,4953.00000000,617.14285714,164.57142857,-29273.03868842,182.25000000,182.85714286,High displacement
79,fixed_0.8,0.80000000,0.79882648,2391,233,165,2459,2,87459.37548178,66119.28786423,18536.83169819,4953.00000000,617.14285714,164.57142857,-43411.17045175,182.50000000,182.85714286,High displacement
80,fixed_0.8,0.80000000,0.79891450,2459,215,167,2507,2,82552.02485527,62409.33079058,19448.97893937,4953.00000000,617.14285714,164.57142857,-38789.06613693,182.75000000,182.85714286,High displacement
81,fixed_0.8,0.80000000,0.79899591,2507,197,170,2534,3,75035.08076454,56726.52105799,23176.69872169,4953.00000000,617.14285714,164.57142857,-29378.53662201,182.50000000,182.85714286,High displacement
82,fixed_0.8,0.80000000,0.79907122,2534,239,184,2589,18,86453.19139329,65358.61269333,24459.25526124,4953.00000000,617.14285714,164.57142857,-36728.07171780,182.00000000,182.85714286,High displacement
83,fixed_0.8,0.80000000,0.79914087,2589,195,219,2565,53,76156.67667865,57574.44756906,22492.73384862,4953.00000000,617.14285714,164.57142857,-30910.42800615,182.00000000,182.85714286,High displacement
0,adaptive,0.80000000,0.24500000,1870,145,182,1833,0,54968.07975002,41555.86829102,32097.05336851,4953.00000000,617.14285714,164.57142857,-5287.52920822,182.00000000,182.85714286,High displacement
1,adaptive,0.80000000,0.28662500,1833,178,182,1829,0,73523.52465497,55583.78463916,30311.76853301,4953.00000000,617.14285714,164.57142857,-21100.73039186,182.00000000,182.85714286,High displacement
2,adaptive,0.80000000,0.32512812,1829,183,182,1830,0,67380.80644784,50939.88967457,29603.98023773,4953.00000000,617.14285714,164.57142857,-17164.62372256,182.00000000,182.85714286,High displacement
3,adaptive,0.80000000,0.36074352,1830,186,182,1834,0,71012.57899153,53685.50971760,28663.07688617,4953.00000000,617.14285714,164.57142857,-20851.14711714,182.00000000,182.85714286,High displacement
4,adaptive,0.80000000,0.39368775,1834,168,182,1820,0,66640.21322441,50380.00119765,29401.42103351,4953.00000000,617.14285714,164.57142857,-16807.29444985,182.00000000,182.85714286,High displacement
5,adaptive,0.80000000,0.42416117,1820,173,182,1811,0,62464.62834796,47223.25903106,30029.20415348,4953.00000000,617.14285714,164.57142857,-13022.76916330,182.00000000,182.85714286,High displacement
6,adaptive,0.80000000,0.45234908,1811,209,182,1838,0,75488.41442189,57069.24130295,28164.84890623,4953.00000000,617.14285714,164.57142857,-24733.10668243,182.00000000,182.85714286,High displacement
7,adaptive,0.80000000,0.47842290,1838,229,182,1885,0,87321.53724667,66015.08215848,34660.77348708,4953.00000000,617.14285714,164.57142857,-27183.02295711,182.00000000,182.85714286,High displacement
8,adaptive,0.80000000,0.50254118,1885,219,182,1922,0,83616.21406871,63213.85783595,29844.71101503,4953.00000000,617.14285714,164.57142857,-29197.86110663,182.00000000,182.85714286,High displacement
9,adaptive,0.80000000,0.52485060,1922,211,182,1951,0,77881.94141243,58878.74770779,34571.79514437,4953.00000000,617.14285714,164.57142857,-20135.66684913,182.00000000,182.85714286,High displacement
10,adaptive,0.80000000,0.54548680,1951,216,169,1998,0,80999.69165234,61235.76688917,23315.12176870,4953.00000000,617.14285714,164.57142857,-33749.35940618,182.50000000,182.85714286,High displacement
11,adaptive,0.80000000,0.56457529,1998,239,165,2072,0,85221.97197242,64427.81081115,21828.51152948,4953.00000000,617.14285714,164.57142857,-38428.01356738,182.25000000,182.85714286,High displacement
12,adaptive,0.80000000,0.58223214,2072,211,164,2119,0,85534.16320291,64663.82738140,23267.37073941,4953.00000000,617.14285714,164.57142857,-37225.17092770,182.50000000,182.85714286,High displacement
13,adaptive,0.80000000,0.59856473,2119,200,168,2151,1,81817.20402608,61853.80624372,25781.27622929,4953.00000000,617.14285714,164.57142857,-31901.24430014,182.75000000,182.85714286,High displacement
14,adaptive,0.80000000,0.61367238,2151,233,170,2214,4,95696.15437843,72346.29271009,23206.20877660,4953.00000000,617.14285714,164.57142857,-44968.79821921,182.75000000,182.85714286,High displacement
15,adaptive,0.80000000,0.62764695,2214,213,166,2261,1,84236.79144437,63683.01433194,23464.63905236,4953.00000000,617.14285714,164.57142857,-36047.08956530,182.75000000,182.85714286,High displacement
16,adaptive,0.80000000,0.64057343,2261,246,170,2337,3,101973.08171418,77091.64977592,23451.13165170,4953.00000000,617.14285714,164.57142857,-49469.23240993,182.00000000,182.85714286,High displacement
17,adaptive,0.80000000,0.65253042,2337,248,167,2418,4,88810.28792636,67140.57767233,19642.96449229,4953.00000000,617.14285714,164.57142857,-43326.32746576,182.50000000,182.85714286,High displacement
18,adaptive,0.80000000,0.66359064,2418,219,172,2465,6,84364.52561571,63779.58136547,27126.53004875,4953.00000000,617.14285714,164.57142857,-32481.76560243,182.75000000,182.85714286,High displacement
19,adaptive,0.80000000,0.67382134,2465,239,170,2534,3,96995.41156280,73328.53114148,20689.36737990,4953.00000000,617.14285714,164.57142857,-48467.87804729,182.50000000,182.85714286,High displacement
20,adaptive,0.80000000,0.68328474,2534,223,171,2586,5,86274.00230635,65223.14574360,23390.88891492,4953.00000000,617.14285714,164.57142857,-37660.97111440,182.00000000,182.85714286,High displacement
21,adaptive,0.80000000,0.69203839,2586,233,171,2648,5,82834.17072174,62622.63306564,22673.70233784,4953.00000000,617.14285714,164.57142857,-35777.64501352,182.25000000,182.85714286,High displacement
22,adaptive,0.80000000,0.70013551,2648,248,167,2729,5,93371.63922390,70588.95925327,21164.97310920,4953.00000000,617.14285714,164.57142857,-45252.70042978,182.75000000,182.85714286,High displacement
23,adaptive,0.80000000,0.70762534,2729,217,166,2780,2,81421.05913414,61554.32070541,18024.24411694,4953.00000000,617.14285714,164.57142857,-39358.79087419,182.50000000,182.85714286,High displacement
24,adaptive,0.80000000,0.71455344,2780,239,216,2803,50,93531.59814063,70709.88819432,22967.22115352,4953.00000000,617.14285714,164.57142857,-43571.38132651,182.75000000,182.85714286,High displacement
25,adaptive,0.80000000,0.72096193,2803,251,213,2841,45,94554.50881986,71483.20866781,24610.37827811,4953.00000000,617.14285714,164.57142857,-42701.54467542,182.75000000,182.85714286,High displacement
26,adaptive,0.80000000,0.72688979,2841,235,200,2876,32,79577.74771930,60160.77727579,23790.61986108,4953.00000000,617.14285714,164.57142857,-32198.87170042,182.50000000,182.85714286,High displacement
27,adaptive,0.80000000,0.73237306,2876,238,231,2883,65,90426.39986687,68362.35829935,24332.45213668,4953.00000000,617.14285714,164.57142857,-39858.62044839,182.75000000,182.85714286,High displacement
28,adaptive,0.80000000,0.73744508,2883,129,214,2798,47,42173.43424196,31883.11628692,28125.49476790,4953.00000000,617.14285714,164.57142857,413.66419526,182.75000000,182.85714286,High displacement
29,adaptive,0.80000000,0.74213670,2798,133,246,2685,79,53094.75128152,40139.63196883,24510.60384673,4953.00000000,617.14285714,164.57142857,-11457.74240781,182.50000000,182.85714286,High displacement
30,adaptive,0.80000000,0.74647644,2685,141,246,2580,81,53753.35754516,40637.53830414,21147.78422896,4953.00000000,617.14285714,164.57142857,-15318.46836090,182.00000000,182.85714286,High displacement
31,adaptive,0.80000000,0.75049071,2580,148,220,2508,54,59535.10588039,45008.54004557,22365.58941636,4953.00000000,617.14285714,164.57142857,-18471.66491492,182.75000000,182.85714286,High displacement
32,adaptive,0.80000000,0.75420391,2508,132,239,2401,73,49458.49708478,37390.62379609,21353.46857629,4953.00000000,617.14285714,164.57142857,-11865.86950552,182.25000000,182.85714286,High displacement
33,adaptive,0.80000000,0.75763861,2401,146,222,2325,57,54243.05696440,41007.75106509,20097.80604801,4953.00000000,617.14285714,164.57142857,-16738.65930279,182.75000000,182.85714286,High displacement
34,adaptive,0.80000000,0.76081572,2325,156,233,2248,68,50194.13007189,37946.76233435,21469.32367584,4953.00000000,617.14285714,164.57142857,-12306.15294422,182.00000000,182.85714286,High displacement
35,adaptive,0.80000000,0.76375454,2248,145,250,2143,83,55226.63659768,41751.33726785,21112.13804457,4953.00000000,617.14285714,164.57142857,-16467.91350899,182.75000000,182.85714286,High displacement
36,adaptive,0.80000000,0.76647295,2143,152,217,2078,50,62325.41901141,47118.01677263,23759.71153980,4953.00000000,617.14285714,164.57142857,-19187.01951855,182.00000000,182.85714286,High displacement
37,adaptive,0.80000000,0.76898748,2078,166,239,2005,72,66448.89705249,50235.36617168,20616.85759859,4953.00000000,617.14285714,164.57142857,-25447.22285881,182.25000000,182.85714286,High displacement
38,adaptive,0.80000000,0.77131342,2005,135,250,1890,84,51050.99444260,38594.55179861,19850.26845205,4953.00000000,617.14285714,164.57142857,-14572.99763227,182.00000000,182.85714286,High displacement
39,adaptive,0.80000000,0.77346491,1890,152,235,1807,69,61196.13735383,46264.27983950,21035.51892235,4953.00000000,617.14285714,164.57142857,-21057.47520287,182.75000000,182.85714286,High displacement
40,adaptive,0.80000000,0.77545504,1807,144,240,1711,72,54494.17884640,41197.59920788,20686.43128416,4953.00000000,617.14285714,164.57142857,-16339.88220943,182.50000000,182.85714286,High displacement
41,adaptive,0.80000000,0.77729591,1711,153,169,1695,5,59045.31342913,44638.25695242,18431.88049372,4953.00000000,617.14285714,164.57142857,-22035.09074441,182.00000000,182.85714286,High displacement
42,adaptive,0.80000000,0.77899872,1695,147,168,1674,2,53969.08702296,40800.62978936,21322.00098463,4953.00000000,617.14285714,164.57142857,-15307.34309045,182.25000000,182.85714286,High displacement
43,adaptive,0.80000000,0.78057382,1674,169,168,1675,3,67461.41740188,51000.83155582,23281.33424781,4953.00000000,617.14285714,164.57142857,-23548.21159373,182.75000000,182.85714286,High displacement
44,adaptive,0.80000000,0.78203078,1675,133,164,1644,0,51620.26430688,39024.91981600,21496.96389666,4953.00000000,617.14285714,164.57142857,-13356.67020505,182.75000000,182.85714286,High displacement
45,adaptive,0.80000000,0.78337847,1644,143,169,1618,2,53346.81055241,40330.18877762,21807.21422756,4953.00000000,617.14285714,164.57142857,-14351.68883577,182.75000000,182.85714286,High displacement
46,adaptive,0.80000000,0.78462509,1618,125,168,1575,4,47829.63123477,36159.20121348,25290.43108777,4953.00000000,617.14285714,164.57142857,-6697.48441143,182.00000000,182.85714286,High displacement
47,adaptive,0.80000000,0.78577820,1575,133,166,1542,0,51109.30026462,38638.63100006,22722.37355501,4953.00000000,617.14285714,164.57142857,-11744.97173076,182.25000000,182.85714286,High displacement
48,adaptive,0.80000000,0.78684484,1542,144,171,1515,5,63163.91555264,47751.92015780,20716.05693463,4953.00000000,617.14285714,164.57142857,-22864.57750889,182.00000000,182.85714286,High displacement
49,adaptive,0.80000000,0.78783148,1515,154,166,1503,2,62759.30495937,47446.03454928,22082.25463321,4953.00000000,617.14285714,164.57142857,-21192.49420179,182.00000000,182.85714286,High displacement
50,adaptive,0.80000000,0.78874412,1503,133,165,1471,1,46516.89394690,35166.77182386,21579.56014471,4953.00000000,617.14285714,164.57142857,-9415.92596486,182.50000000,182.85714286,High displacement
51,adaptive,0.80000000,0.78958831,1471,124,168,1427,1,49212.11425399,37204.35837602,21868.43578716,4953.00000000,617.14285714,164.57142857,-11164.63687457,182.25000000,182.85714286,High displacement
52,adaptive,0.80000000,0.79036918,1427,142,171,1398,4,52993.47522383,40063.06726922,20461.71806409,4953.00000000,617.14285714,164.57142857,-15430.06349084,182.50000000,182.85714286,High displacement
53,adaptive,0.80000000,0.79109150,1398,143,169,1372,3,53113.50084840,40153.80664139,25070.17894418,4953.00000000,617.14285714,164.57142857,-10912.34198292,182.75000000,182.85714286,High displacement
54,adaptive,0.80000000,0.79175963,1372,155,170,1357,4,56666.51780487,42839.88746048,23210.44907737,4953.00000000,617.14285714,164.57142857,-15458.15266882,182.00000000,182.85714286,High displacement
55,adaptive,0.80000000,0.79237766,1357,158,171,1344,3,63332.62153340,47879.46187925,19727.77346979,4953.00000000,617.14285714,164.57142857,-23980.40269517,182.50000000,182.85714286,High displacement
56,adaptive,0.80000000,0.79294934,1344,223,171,1396,6,84214.37136797,63666.06475418,20983.10574685,4953.00000000,617.14285714,164.57142857,-38511.67329305,182.50000000,182.85714286,High displacement
57,adaptive,0.80000000,0.79347814,1396,217,167,1446,2,77123.68657078,58305.50704751,24251.35061347,4953.00000000,617.14285714,164.57142857,-29882.87071975,182.75000000,182.85714286,High displacement
58,adaptive,0.80000000,0.79396728,1446,232,168,1510,3,89016.77107800,67296.67893497,25584.27422277,4953.00000000,617.14285714,164.57142857,-37541.11899792,182.25000000,182.85714286,High displacement
59,adaptive,0.80000000,0.79441973,1510,253,167,1596,2,91024.02610696,68814.16373686,24577.92862331,4953.00000000,617.14285714,164.57142857,-40064.94939927,182.50000000,182.85714286,High displacement
60,adaptive,0.80000000,0.79483825,1596,246,169,1673,2,94191.56689630,71208.82457360,23526.27913602,4953.00000000,617.14285714,164.57142857,-43511.25972330,182.00000000,182.85714286,High displacement
61,adaptive,0.80000000,0.79522538,1673,209,166,1716,4,83058.77077609,62792.43070672,15857.06250745,4953.00000000,617.14285714,164.57142857,-42764.08248499,182.75000000,182.85714286,High displacement
62,adaptive,0.80000000,0.79558348,1716,205,168,1753,3,76456.91403251,57801.42700858,20838.05784805,4953.00000000,617.14285714,164.57142857,-32792.08344625,182.50000000,182.85714286,High displacement
63,adaptive,0.80000000,0.79591472,1753,214,167,1800,2,87468.25315551,66125.99938557,23983.57445798,4953.00000000,617.14285714,164.57142857,-37971.13921330,182.75000000,182.85714286,High displacement
64,adaptive,0.80000000,0.79622111,1800,195,168,1827,2,74099.11361579,56018.92989353,21158.13081171,4953.00000000,617.14285714,164.57142857,-30689.51336754,182.50000000,182.85714286,High displacement
65,adaptive,0.80000000,0.79650453,1827,242,166,1903,2,95817.95824932,72438.37643648,18402.67572588,4953.00000000,617.14285714,164.57142857,-49864.41499632,182.00000000,182.85714286,High displacement
66,adaptive,0.80000000,0.79676669,1903,198,166,1935,3,77443.51321783,58547.29599268,20862.66908601,4953.00000000,617.14285714,164.57142857,-33513.34119238,182.75000000,182.85714286,High displacement
67,adaptive,0.80000000,0.79700919,1935,215,170,1980,3,77275.07664791,58419.95794582,20303.70843215,4953.00000000,617.14285714,164.57142857,-33944.96379939,182.25000000,182.85714286,High displacement
68,adaptive,0.80000000,0.79723350,1980,216,171,2025,6,83290.20703675,62967.39651978,19517.04460536,4953.00000000,617.14285714,164.57142857,-39279.06620013,182.25000000,182.85714286,High displacement
69,adaptive,0.80000000,0.79744099,2025,210,170,2065,5,78730.44736163,59520.21820540,23965.40106794,4953.00000000,617.14285714,164.57142857,-31383.53142317,182.25000000,182.85714286,High displacement
70,adaptive,0.80000000,0.79763291,2065,219,172,2112,8,84210.54717404,63663.17366358,17422.60658739,4953.00000000,617.14285714,164.57142857,-42069.28136190,182.00000000,182.85714286,High displacement
71,adaptive,0.80000000,0.79781044,2112,200,168,2144,3,75033.52540537,56725.34520646,22920.76690342,4953.00000000,617.14285714,164.57142857,-29633.29258876,182.50000000,182.85714286,High displacement
72,adaptive,0.80000000,0.79797466,2144,199,171,2172,7,81473.96447248,61594.31714119,22648.07732227,4953.00000000,617.14285714,164.57142857,-34774.95410464,182.50000000,182.85714286,High displacement
73,adaptive,0.80000000,0.79812656,2172,205,177,2200,10,76244.81715615,57641.08177005,25880.87445831,4953.00000000,617.14285714,164.57142857,-27588.92159745,182.75000000,182.85714286,High displacement
74,adaptive,0.80000000,0.79826707,2200,219,170,2249,6,81366.92476216,61513.39512019,23356.33619303,4953.00000000,617.14285714,164.57142857,-33985.77321288,182.50000000,182.85714286,High displacement
75,adaptive,0.80000000,0.79839704,2249,199,171,2277,5,75502.53948076,57079.91984745,21857.50643274,4953.00000000,617.14285714,164.57142857,-31051.12770042,182.50000000,182.85714286,High displacement
76,adaptive,0.80000000,0.79851726,2277,215,170,2322,5,82824.92896329,62615.64629625,23105.31903116,4953.00000000,617.14285714,164.57142857,-35339.04155080,182.50000000,182.85714286,High displacement
77,adaptive,0.80000000,0.79862847,2322,224,174,2372,6,81274.46567124,61443.49604746,28267.55455389,4953.00000000,617.14285714,164.57142857,-29004.65577928,182.50000000,182.85714286,High displacement
78,adaptive,0.80000000,0.79873133,2372,191,172,2391,7,73211.33885833,55347.77217689,21903.44777418,4953.00000000,617.14285714,164.57142857,-29273.03868842,182.25000000,182.85714286,High displacement
79,adaptive,0.80000000,0.79882648,2391,233,165,2459,2,87459.37548178,66119.28786423,18536.83169819,4953.00000000,617.14285714,164.57142857,-43411.17045175,182.50000000,182.85714286,High displacement
80,adaptive,0.80000000,0.79891450,2459,215,167,2507,2,82552.02485527,62409.33079058,19448.97893937,4953.00000000,617.14285714,164.57142857,-38789.06613693,182.75000000,182.85714286,High displacement
81,adaptive,0.80000000,0.79899591,2507,197,170,2534,3,75035.08076454,56726.52105799,23176.69872169,4953.00000000,617.14285714,164.57142857,-29378.53662201,182.50000000,182.85714286,High displacement
82,adaptive,0.80000000,0.79907122,2534,239,184,2589,18,86453.19139329,65358.61269333,24459.25526124,4953.00000000,617.14285714,164.57142857,-36728.07171780,182.00000000,182.85714286,High displacement
83,adaptive,0.80000000,0.79914087,2589,195,219,2565,53,76156.67667865,57574.44756906,22492.73384862,4953.00000000,617.14285714,164.57142857,-30910.42800615,182.00000000,182.85714286,High displacement
0,delayed,0.80000000,0.24500000,1870,145,182,1833,0,54968.07975002,41555.86829102,32097.05336851,4953.00000000,617.14285714,164.57142857,-5287.52920822,182.00000000,182.85714286,High displacement
1,delayed,0.80000000,0.28662500,1833,178,182,1829,0,73523.52465497,55583.78463916,30311.76853301,4953.00000000,617.14285714,164.57142857,-21100.73039186,182.00000000,182.85714286,High displacement
2,delayed,0.80000000,0.32512812,1829,183,182,1830,0,67380.80644784,50939.88967457,29603.98023773,4953.00000000,617.14285714,164.57142857,-17164.62372256,182.00000000,182.85714286,High displacement
3,delayed,0.80000000,0.36074352,1830,186,182,1834,0,71012.57899153,53685.50971760,28663.07688617,4953.00000000,617.14285714,164.57142857,-20851.14711714,182.00000000,182.85714286,High displacement
4,delayed,0.80000000,0.39368775,1834,168,182,1820,0,66640.21322441,50380.00119765,29401.42103351,4953.00000000,617.14285714,164.57142857,-16807.29444985,182.00000000,182.85714286,High displacement
5,delayed,0.80000000,0.42416117,1820,173,182,1811,0,62464.62834796,47223.25903106,30029.20415348,4953.00000000,617.14285714,164.57142857,-13022.76916330,182.00000000,182.85714286,High displacement
6,delayed,0.80000000,0.45234908,1811,209,182,1838,0,75488.41442189,57069.24130295,28164.84890623,4953.00000000,617.14285714,164.57142857,-24733.10668243,182.00000000,182.85714286,High displacement
7,delayed,0.80000000,0.47842290,1838,229,182,1885,0,87321.53724667,66015.08215848,34660.77348708,4953.00000000,617.14285714,164.57142857,-27183.02295711,182.00000000,182.85714286,High displacement
8,delayed,0.80000000,0.50254118,1885,219,182,1922,0,83616.21406871,63213.85783595,29844.71101503,4953.00000000,617.14285714,164.57142857,-29197.86110663,182.00000000,182.85714286,High displacement
9,delayed,0.80000000,0.52485060,1922,211,182,1951,0,77881.94141243,58878.74770779,34571.79514437,4953.00000000,617.14285714,164.57142857,-20135.66684913,182.00000000,182.85714286,High displacement
10,delayed,0.80000000,0.54548680,1951,216,169,1998,0,80999.69165234,61235.76688917,23315.12176870,4953.00000000,617.14285714,164.57142857,-33749.35940618,182.50000000,182.85714286,High displacement
11,delayed,0.80000000,0.56457529,1998,239,165,2072,0,85221.97197242,64427.81081115,21828.51152948,4953.00000000,617.14285714,164.57142857,-38428.01356738,182.25000000,182.85714286,High displacement
12,delayed,0.80000000,0.58223214,2072,211,164,2119,0,85534.16320291,64663.82738140,23267.37073941,4953.00000000,617.14285714,164.57142857,-37225.17092770,182.50000000,182.85714286,High displacement
13,delayed,0.80000000,0.59856473,2119,200,168,2151,1,81817.20402608,61853.80624372,25781.27622929,4953.00000000,617.14285714,164.57142857,-31901.24430014,182.75000000,182.85714286,High displacement
14,delayed,0.80000000,0.61367238,2151,233,170,2214,4,95696.15437843,72346.29271009,23206.20877660,4953.00000000,617.14285714,164.57142857,-44968.79821921,182.75000000,182.85714286,High displacement
15,delayed,0.80000000,0.62764695,2214,213,166,2261,1,84236.79144437,63683.01433194,23464.63905236,4953.00000000,617.14285714,164.57142857,-36047.08956530,182.75000000,182.85714286,High displacement
16,delayed,0.80000000,0.64057343,2261,246,170,2337,3,101973.08171418,77091.64977592,23451.13165170,4953.00000000,617.14285714,164.57142857,-49469.23240993,182.00000000,182.85714286,High displacement
17,delayed,0.80000000,0.65253042,2337,248,167,2418,4,88810.28792636,67140.57767233,19642.96449229,4953.00000000,617.14285714,164.57142857,-43326.32746576,182.50000000,182.85714286,High displacement
18,delayed,0.80000000,0.66359064,2418,219,172,2465,6,84364.52561571,63779.58136547,27126.53004875,4953.00000000,617.14285714,164.57142857,-32481.76560243,182.75000000,182.85714286,High displacement
19,delayed,0.80000000,0.67382134,2465,239,170,2534,3,96995.41156280,73328.53114148,20689.36737990,4953.00000000,617.14285714,164.57142857,-48467.87804729,182.50000000,182.85714286,High displacement
20,delayed,0.80000000,0.68328474,2534,223,171,2586,5,86274.00230635,65223.14574360,23390.88891492,4953.00000000,617.14285714,164.57142857,-37660.97111440,182.00000000,182.85714286,High displacement
21,delayed,0.80000000,0.69203839,2586,233,171,2648,5,82834.17072174,62622.63306564,22673.70233784,4953.00000000,617.14285714,164.57142857,-35777.64501352,182.25000000,182.85714286,High displacement
22,delayed,0.80000000,0.70013551,2648,248,167,2729,5,93371.63922390,70588.95925327,21164.97310920,4953.00000000,617.14285714,164.57142857,-45252.70042978,182.75000000,182.85714286,High displacement
23,delayed,0.80000000,0.70762534,2729,217,166,2780,2,81421.05913414,61554.32070541,18024.24411694,4953.00000000,617.14285714,164.57142857,-39358.79087419,182.50000000,182.85714286,High displacement
24,delayed,0.80000000,0.71455344,2780,239,216,2803,50,93531.59814063,70709.88819432,22967.22115352,4953.00000000,617.14285714,164.57142857,-43571.38132651,182.75000000,182.85714286,High displacement
25,delayed,0.80000000,0.72096193,2803,251,213,2841,45,94554.50881986,71483.20866781,24610.37827811,4953.00000000,617.14285714,164.57142857,-42701.54467542,182.75000000,182.85714286,High displacement
26,delayed,0.80000000,0.72688979,2841,235,200,2876,32,79577.74771930,60160.77727579,23790.61986108,4953.00000000,617.14285714,164.57142857,-32198.87170042,182.50000000,182.85714286,High displacement
27,delayed,0.80000000,0.73237306,2876,238,231,2883,65,90426.39986687,68362.35829935,24332.45213668,4953.00000000,617.14285714,164.57142857,-39858.62044839,182.75000000,182.85714286,High displacement
28,delayed,0.80000000,0.73744508,2883,129,214,2798,47,42173.43424196,31883.11628692,28125.49476790,4953.00000000,617.14285714,164.57142857,413.66419526,182.75000000,182.85714286,High displacement
29,delayed,0.80000000,0.74213670,2798,133,246,2685,79,53094.75128152,40139.63196883,24510.60384673,4953.00000000,617.14285714,164.57142857,-11457.74240781,182.50000000,182.85714286,High displacement
30,delayed,0.80000000,0.74647644,2685,141,246,2580,81,53753.35754516,40637.53830414,21147.78422896,4953.00000000,617.14285714,164.57142857,-15318.46836090,182.00000000,182.85714286,High displacement
31,delayed,0.80000000,0.75049071,2580,148,220,2508,54,59535.10588039,45008.54004557,22365.58941636,4953.00000000,617.14285714,164.57142857,-18471.66491492,182.75000000,182.85714286,High displacement
32,delayed,0.80000000,0.75420391,2508,132,239,2401,73,49458.49708478,37390.62379609,21353.46857629,4953.00000000,617.14285714,164.57142857,-11865.86950552,182.25000000,182.85714286,High displacement
33,delayed,0.80000000,0.75763861,2401,146,222,2325,57,54243.05696440,41007.75106509,20097.80604801,4953.00000000,617.14285714,164.57142857,-16738.65930279,182.75000000,182.85714286,High displacement
34,delayed,0.80000000,0.76081572,2325,156,233,2248,68,50194.13007189,37946.76233435,21469.32367584,4953.00000000,617.14285714,164.57142857,-12306.15294422,182.00000000,182.85714286,High displacement
35,delayed,0.80000000,0.76375454,2248,145,250,2143,83,55226.63659768,41751.33726785,21112.13804457,4953.00000000,617.14285714,164.57142857,-16467.91350899,182.75000000,182.85714286,High displacement
36,delayed,0.80000000,0.76647295,2143,152,217,2078,50,62325.41901141,47118.01677263,23759.71153980,4953.00000000,617.14285714,164.57142857,-19187.01951855,182.00000000,182.85714286,High displacement
37,delayed,0.80000000,0.76898748,2078,166,239,2005,72,66448.89705249,50235.36617168,20616.85759859,4953.00000000,617.14285714,164.57142857,-25447.22285881,182.25000000,182.85714286,High displacement
38,delayed,0.80000000,0.77131342,2005,135,250,1890,84,51050.99444260,38594.55179861,19850.26845205,4953.00000000,617.14285714,164.57142857,-14572.99763227,182.00000000,182.85714286,High displacement
39,delayed,0.80000000,0.77346491,1890,152,235,1807,69,61196.13735383,46264.27983950,21035.51892235,4953.00000000,617.14285714,164.57142857,-21057.47520287,182.75000000,182.85714286,High displacement
40,delayed,0.80000000,0.77545504,1807,144,240,1711,72,54494.17884640,41197.59920788,20686.43128416,4953.00000000,617.14285714,164.57142857,-16339.88220943,182.50000000,182.85714286,High displacement
41,delayed,0.80000000,0.77729591,1711,153,169,1695,5,59045.31342913,44638.25695242,18431.88049372,4953.00000000,617.14285714,164.57142857,-22035.09074441,182.00000000,182.85714286,High displacement
42,delayed,0.80000000,0.77899872,1695,147,168,1674,2,53969.08702296,40800.62978936,21322.00098463,4953.00000000,617.14285714,164.57142857,-15307.34309045,182.25000000,182.85714286,High displacement
43,delayed,0.80000000,0.78057382,1674,169,168,1675,3,67461.41740188,51000.83155582,23281.33424781,4953.00000000,617.14285714,164.57142857,-23548.21159373,182.75000000,182.85714286,High displacement
44,delayed,0.80000000,0.78203078,1675,133,164,1644,0,51620.26430688,39024.91981600,21496.96389666,4953.00000000,617.14285714,164.57142857,-13356.67020505,182.75000000,182.85714286,High displacement
45,delayed,0.80000000,0.78337847,1644,143,169,1618,2,53346.81055241,40330.18877762,21807.21422756,4953.00000000,617.14285714,164.57142857,-14351.68883577,182.75000000,182.85714286,High displacement
46,delayed,0.80000000,0.78462509,1618,125,168,1575,4,47829.63123477,36159.20121348,25290.43108777,4953.00000000,617.14285714,164.57142857,-6697.48441143,182.00000000,182.85714286,High displacement
47,delayed,0.80000000,0.78577820,1575,133,166,1542,0,51109.30026462,38638.63100006,22722.37355501,4953.00000000,617.14285714,164.57142857,-11744.97173076,182.25000000,182.85714286,High displacement
48,delayed,0.80000000,0.78684484,1542,144,171,1515,5,63163.91555264,47751.92015780,20716.05693463,4953.00000000,617.14285714,164.57142857,-22864.57750889,182.00000000,182.85714286,High displacement
49,delayed,0.80000000,0.78783148,1515,154,166,1503,2,62759.30495937,47446.03454928,22082.25463321,4953.00000000,617.14285714,164.57142857,-21192.49420179,182.00000000,182.85714286,High displacement
50,delayed,0.80000000,0.78874412,1503,133,165,1471,1,46516.89394690,35166.77182386,21579.56014471,4953.00000000,617.14285714,164.57142857,-9415.92596486,182.50000000,182.85714286,High displacement
51,delayed,0.80000000,0.78958831,1471,124,168,1427,1,49212.11425399,37204.35837602,21868.43578716,4953.00000000,617.14285714,164.57142857,-11164.63687457,182.25000000,182.85714286,High displacement
52,delayed,0.80000000,0.79036918,1427,142,171,1398,4,52993.47522383,40063.06726922,20461.71806409,4953.00000000,617.14285714,164.57142857,-15430.06349084,182.50000000,182.85714286,High displacement
53,delayed,0.80000000,0.79109150,1398,143,169,1372,3,53113.50084840,40153.80664139,25070.17894418,4953.00000000,617.14285714,164.57142857,-10912.34198292,182.75000000,182.85714286,High displacement
54,delayed,0.80000000,0.79175963,1372,155,170,1357,4,56666.51780487,42839.88746048,23210.44907737,4953.00000000,617.14285714,164.57142857,-15458.15266882,182.00000000,182.85714286,High displacement
55,delayed,0.80000000,0.79237766,1357,158,171,1344,3,63332.62153340,47879.46187925,19727.77346979,4953.00000000,617.14285714,164.57142857,-23980.40269517,182.50000000,182.85714286,High displacement
56,delayed,0.80000000,0.79294934,1344,223,171,1396,6,84214.37136797,63666.06475418,20983.10574685,4953.00000000,617.14285714,164.57142857,-38511.67329305,182.50000000,182.85714286,High displacement
57,delayed,0.80000000,0.79347814,1396,217,167,1446,2,77123.68657078,58305.50704751,24251.35061347,4953.00000000,617.14285714,164.57142857,-29882.87071975,182.75000000,182.85714286,High displacement
58,delayed,0.80000000,0.79396728,1446,232,168,1510,3,89016.77107800,67296.67893497,25584.27422277,4953.00000000,617.14285714,164.57142857,-37541.11899792,182.25000000,182.85714286,High displacement
59,delayed,0.80000000,0.79441973,1510,253,167,1596,2,91024.02610696,68814.16373686,24577.92862331,4953.00000000,617.14285714,164.57142857,-40064.94939927,182.50000000,182.85714286,High displacement
60,delayed,0.80000000,0.79483825,1596,246,169,1673,2,94191.56689630,71208.82457360,23526.27913602,4953.00000000,617.14285714,164.57142857,-43511.25972330,182.00000000,182.85714286,High displacement
61,delayed,0.80000000,0.79522538,1673,209,166,1716,4,83058.77077609,62792.43070672,15857.06250745,4953.00000000,617.14285714,164.57142857,-42764.08248499,182.75000000,182.85714286,High displacement
62,delayed,0.80000000,0.79558348,1716,205,168,1753,3,76456.91403251,57801.42700858,20838.05784805,4953.00000000,617.14285714,164.57142857,-32792.08344625,182.50000000,182.85714286,High displacement
63,delayed,0.80000000,0.79591472,1753,214,167,1800,2,87468.25315551,66125.99938557,23983.57445798,4953.00000000,617.14285714,164.57142857,-37971.13921330,182.75000000,182.85714286,High displacement
64,delayed,0.80000000,0.79622111,1800,195,168,1827,2,74099.11361579,56018.92989353,21158.13081171,4953.00000000,617.14285714,164.57142857,-30689.51336754,182.50000000,182.85714286,High displacement
65,delayed,0.80000000,0.79650453,1827,242,166,1903,2,95817.95824932,72438.37643648,18402.67572588,4953.00000000,617.14285714,164.57142857,-49864.41499632,182.00000000,182.85714286,High displacement
66,delayed,0.80000000,0.79676669,1903,198,166,1935,3,77443.51321783,58547.29599268,20862.66908601,4953.00000000,617.14285714,164.57142857,-33513.34119238,182.75000000,182.85714286,High displacement
67,delayed,0.80000000,0.79700919,1935,215,170,1980,3,77275.07664791,58419.95794582,20303.70843215,4953.00000000,617.14285714,164.57142857,-33944.96379939,182.25000000,182.85714286,High displacement
68,delayed,0.80000000,0.79723350,1980,216,171,2025,6,83290.20703675,62967.39651978,19517.04460536,4953.00000000,617.14285714,164.57142857,-39279.06620013,182.25000000,182.85714286,High displacement
69,delayed,0.80000000,0.79744099,2025,210,170,2065,5,78730.44736163,59520.21820540,23965.40106794,4953.00000000,617.14285714,164.57142857,-31383.53142317,182.25000000,182.85714286,High displacement
70,delayed,0.80000000,0.79763291,2065,219,172,2112,8,84210.54717404,63663.17366358,17422.60658739,4953.00000000,617.14285714,164.57142857,-42069.28136190,182.00000000,182.85714286,High displacement
71,delayed,0.80000000,0.79781044,2112,200,168,2144,3,75033.52540537,56725.34520646,22920.76690342,4953.00000000,617.14285714,164.57142857,-29633.29258876,182.50000000,182.85714286,High displacement
72,delayed,0.80000000,0.79797466,2144,199,171,2172,7,81473.96447248,61594.31714119,22648.07732227,4953.00000000,617.14285714,164.57142857,-34774.95410464,182.50000000,182.85714286,High displacement
73,delayed,0.80000000,0.79812656,2172,205,177,2200,10,76244.81715615,57641.08177005,25880.87445831,4953.00000000,617.14285714,164.57142857,-27588.92159745,182.75000000,182.85714286,High displacement
74,delayed,0.80000000,0.79826707,2200,219,170,2249,6,81366.92476216,61513.39512019,23356.33619303,4953.00000000,617.14285714,164.57142857,-33985.77321288,182.50000000,182.85714286,High displacement
75,delayed,0.80000000,0.79839704,2249,199,171,2277,5,75502.53948076,57079.91984745,21857.50643274,4953.00000000,617.14285714,164.57142857,-31051.12770042,182.50000000,182.85714286,High displacement
76,delayed,0.80000000,0.79851726,2277,215,170,2322,5,82824.92896329,62615.64629625,23105.31903116,4953.00000000,617.14285714,164.57142857,-35339.04155080,182.50000000,182.85714286,High displacement
77,delayed,0.80000000,0.79862847,2322,224,174,2372,6,81274.46567124,61443.49604746,28267.55455389,4953.00000000,617.14285714,164.57142857,-29004.65577928,182.50000000,182.85714286,High displacement
78,delayed,0.80000000,0.79873133,2372,191,172,2391,7,73211.33885833,55347.77217689,21903.44777418,4953.00000000,617.14285714,164.57142857,-29273.03868842,182.25000000,182.85714286,High displacement
79,delayed,0.80000000,0.79882648,2391,233,165,2459,2,87459.37548178,66119.28786423,18536.83169819,4953.00000000,617.14285714,164.57142857,-43411.17045175,182.50000000,182.85714286,High displacement
80,delayed,0.80000000,0.79891450,2459,215,167,2507,2,82552.02485527,62409.33079058,19448.97893937,4953.00000000,617.14285714,164.57142857,-38789.06613693,182.75000000,182.85714286,High displacement
81,delayed,0.80000000,0.79899591,2507,197,170,2534,3,75035.08076454,56726.52105799,23176.69872169,4953.00000000,617.14285714,164.57142857,-29378.53662201,182.50000000,182.85714286,High displacement
82,delayed,0.80000000,0.79907122,2534,239,184,2589,18,86453.19139329,65358.61269333,24459.25526124,4953.00000000,617.14285714,164.57142857,-36728.07171780,182.00000000,182.85714286,High displacement
83,delayed,0.80000000,0.79914087,2589,195,219,2565,53,76156.67667865,57574.44756906,22492.73384862,4953.00000000,617.14285714,164.57142857,-30910.42800615,182.00000000,182.85714286,High displacement
0,fixed_0.2,0.20000000,0.20000000,1870,132,182,1820,0,51899.86872511,44841.48657850,32097.05336851,5103.42857143,154.28571429,164.57142857,-7959.86178141,182.00000000,182.85714286,Low arrivals
1,fixed_0.2,0.20000000,0.20000000,1820,165,182,1803,0,71635.28589168,61892.88701041,30311.76853301,5103.42857143,154.28571429,164.57142857,-26796.54704883,182.00000000,182.85714286,Low arrivals
2,fixed_0.2,0.20000000,0.20000000,1803,162,182,1783,0,60414.76227989,52198.35460983,29603.98023773,5103.42857143,154.28571429,164.57142857,-17809.80294353,182.00000000,182.85714286,Low arrivals
3,fixed_0.2,0.20000000,0.20000000,1783,151,182,1752,0,57647.17801457,49807.16180459,28663.07688617,5103.42857143,154.28571429,164.57142857,-16359.51348985,182.00000000,182.85714286,Low arrivals
4,fixed_0.2,0.20000000,0.20000000,1752,143,182,1713,0,53647.35252464,46351.31258129,29401.42103351,5103.42857143,154.28571429,164.57142857,-12165.32011920,182.00000000,182.85714286,Low arrivals
5,fixed_0.2,0.20000000,0.20000000,1713,147,182,1678,0,56876.16432083,49141.00597319,30029.20415348,5103.42857143,154.28571429,164.57142857,-14327.23039114,182.00000000,182.85714286,Low arrivals
6,fixed_0.2,0.20000000,0.20000000,1678,164,182,1660,0,58540.40691709,50578.91157636,28164.84890623,5103.42857143,154.28571429,164.57142857,-17629.49124156,182.00000000,182.85714286,Low arrivals
7,fixed_0.2,0.20000000,0.20000000,1660,185,182,1663,0,70041.29736809,60515.68092603,34660.77348708,5103.42857143,154.28571429,164.57142857,-21070.33601038,182.00000000,182.85714286,Low arrivals
8,fixed_0.2,0.20000000,0.20000000,1663,180,182,1661,0,71577.50815240,61842.96704367,29844.71101503,5103.42857143,154.28571429,164.57142857,-27213.68460007,182.00000000,182.85714286,Low arrivals
9,fixed_0.2,0.20000000,0.20000000,1661,152,182,1631,0,65980.29618593,57006.97590464,34571.79514437,5103.42857143,154.28571429,164.57142857,-17650.60933170,182.00000000,182.85714286,Low arrivals
10,fixed_0.2,0.20000000,0.20000000,1631,158,171,1618,0,57633.20150109,49795.08609694,31805.11526623,5103.42857143,154.28571429,164.57142857,-13205.39940213,182.75000000,182.85714286,Low arrivals
11,fixed_0.2,0.20000000,0.20000000,1618,172,165,1625,0,67212.85195231,58071.90408679,26916.27788149,5103.42857143,154.28571429,164.57142857,-26371.05477674,182.75000000,182.85714286,Low arrivals
12,fixed_0.2,0.20000000,0.20000000,1625,161,168,1618,0,57570.66425942,49741.05392014,27202.51358136,5103.42857143,154.28571429,164.57142857,-17753.96891021,182.00000000,182.85714286,Low arrivals
13,fixed_0.2,0.20000000,0.20000000,1618,143,167,1594,4,54110.32298618,46751.31906006,24348.34821860,5103.42857143,154.28571429,164.57142857,-17618.39941289,182.00000000,182.85714286,Low arrivals
14,fixed_0.2,0.20000000,0.20000000,1594,178,168,1604,2,74434.02510391,64310.99768978,23706.09315056,5103.42857143,154.28571429,164.57142857,-35820.33311064,182.00000000,182.85714286,Low arrivals
15,fixed_0.2,0.20000000,0.20000000,1604,153,171,1586,5,56613.34610138,48913.93103159,21285.30872040,5103.42857143,154.28571429,164.57142857,-22844.05088262,182.25000000,182.85714286,Low arrivals
16,fixed_0.2,0.20000000,0.20000000,1586,174,167,1593,3,61099.36010134,52789.84712756,23689.42444202,5103.42857143,154.28571429,164.57142857,-24315.85125697,182.25000000,182.85714286,Low arrivals
17,fixed_0.2,0.20000000,0.20000000,1593,164,168,1589,2,63362.36979117,54745.08749957,22703.07981871,5103.42857143,154.28571429,164.57142857,-27257.43625229,182.25000000,182.85714286,Low arrivals
18,fixed_0.2,0.20000000,0.20000000,1589,158,170,1577,5,52320.45848651,45204.87613234,33074.71460650,5103.42857143,154.28571429,164.57142857,-7345.59009727,182.25000000,182.85714286,Low arrivals
19,fixed_0.2,0.20000000,0.20000000,1577,167,168,1576,3,68624.07665845,59291.20223290,26740.69795606,5103.42857143,154.28571429,164.57142857,-27765.93284827,182.50000000,182.85714286,Low arrivals
20,fixed_0.2,0.20000000,0.20000000,1576,162,169,1569,2,64533.78315655,55757.18864726,26797.55599532,5103.42857143,154.28571429,164.57142857,-24175.06122336,182.00000000,182.85714286,Low arrivals
21,fixed_0.2,0.20000000,0.20000000,1569,167,169,1567,4,61928.40622723,53506.14298033,24675.96864337,5103.42857143,154.28571429,164.57142857,-24045.60290838,182.75000000,182.85714286,Low arrivals
22,fixed_0.2,0.20000000,0.20000000,1567,171,170,1568,4,65352.15903839,56464.26540917,25760.92884131,5103.42857143,154.28571429,164.57142857,-25918.76513929,182.25000000,182.85714286,Low arrivals
23,fixed_0.2,0.20000000,0.20000000,1568,150,171,1547,4,57851.39177082,49983.60248999,26380.04297545,5103.42857143,154.28571429,164.57142857,-18818.98808597,182.00000000,182.85714286,Low arrivals
24,fixed_0.2,0.20000000,0.20000000,1547,170,164,1553,1,63763.63290372,55091.77882881,26457.32725379,5103.42857143,154.28571429,164.57142857,-23849.88014645,182.75000000,182.85714286,Low arrivals
25,fixed_0.2,0.20000000,0.20000000,1553,179,168,1564,2,63333.90596507,54720.49475382,23305.01496821,5103.42857143,154.28571429,164.57142857,-26630.90835705,182.00000000,182.85714286,Low arrivals
26,fixed_0.2,0.20000000,0.20000000,1564,165,167,1562,2,57535.09633814,49710.32323615,25789.64005928,5103.42857143,154.28571429,164.57142857,-19136.11174830,182.75000000,182.85714286,Low arrivals
27,fixed_0.2,0.20000000,0.20000000,1562,163,169,1556,3,60050.05134933,51883.24436582,21401.95029140,5103.42857143,154.28571429,164.57142857,-25696.72264585,182.50000000,182.85714286,Low arrivals
28,fixed_0.2,0.20000000,0.20000000,1556,86,167,1475,2,32666.82354290,28224.13554107,24816.25914743,5103.42857143,154.28571429,164.57142857,1376.69503494,182.75000000,182.85714286,Low arrivals
29,fixed_0.2,0.20000000,0.20000000,1475,89,168,1396,2,31076.53911331,26850.12979390,28909.14446711,5103.42857143,154.28571429,164.57142857,6843.58610178,182.75000000,182.85714286,Low arrivals
30,fixed_0.2,0.20000000,0.20000000,1396,101,168,1329,3,41695.72836641,36025.10930858,20398.46525201,5103.42857143,154.28571429,164.57142857,-10842.07262799,182.00000000,182.85714286,Low arrivals
31,fixed_0.2,0.20000000,0.20000000,1329,102,169,1262,3,39833.73206941,34416.34450797,27529.07416042,5103.42857143,154.28571429,164.57142857,-2102.69891898,182.00000000,182.85714286,Low arrivals
32,fixed_0.2,0.20000000,0.20000000,1262,91,173,1180,4,30067.32402188,25978.16795490,27265.22476271,5103.42857143,154.28571429,164.57142857,6071.62823638,182.75000000,182.85714286,Low arrivals
33,fixed_0.2,0.20000000,0.20000000,1180,104,167,1117,2,40307.23693861,34825.45271495,26046.70298328,5103.42857143,154.28571429,164.57142857,-3994.17830310,182.50000000,182.85714286,Low arrivals
34,fixed_0.2,0.20000000,0.20000000,1117,106,169,1054,4,35739.03563885,30878.52679196,23542.02059025,5103.42857143,154.28571429,164.57142857,-2551.93477314,182.75000000,182.85714286,Low arrivals
35,fixed_0.2,0.20000000,0.20000000,1054,99,167,986,1,36071.75850378,31165.99934726,25712.09826160,5103.42857143,154.28571429,164.57142857,-669.32965709,182.25000000,182.85714286,Low arrivals
36,fixed_0.2,0.20000000,0.20000000,986,107,166,927,0,40590.03484743,35069.79010818,20230.23707493,5103.42857143,154.28571429,164.57142857,-10054.98160468,182.25000000,182.85714286,Low arrivals
37,fixed_0.2,0.20000000,0.20000000,927,112,169,870,1,47285.56993493,40854.73242378,23016.29996371,5103.42857143,154.28571429,164.57142857,-13053.86103150,182.50000000,182.85714286,Low arrivals
38,fixed_0.2,0.20000000,0.20000000,870,90,166,794,3,37530.13270649,32426.03465840,24078.13153815,5103.42857143,154.28571429,164.57142857,-3563.33169168,182.00000000,182.85714286,Low arrivals
39,fixed_0.2,0.20000000,0.20000000,794,102,167,729,4,38404.72994419,33181.68667178,22891.36156961,5103.42857143,154.28571429,164.57142857,-5505.75367359,182.00000000,182.85714286,Low arrivals
40,fixed_0.2,0.20000000,0.20000000,729,98,172,655,6,43397.09907466,37495.09360050,21889.88126075,5103.42857143,154.28571429,164.57142857,-10820.64091118,182.00000000,182.85714286,Low arrivals
41,fixed_0.2,0.20000000,0.20000000,655,103,170,588,2,40354.70986733,34866.46932537,20415.38890130,5103.42857143,154.28571429,164.57142857,-9666.50899550,182.25000000,182.85714286,Low arrivals
42,fixed_0.2,0.20000000,0.20000000,588,97,170,515,1,38936.97714147,33641.54825023,25094.61704482,5103.42857143,154.28571429,164.57142857,-3762.35977684,182.25000000,182.85714286,Low arrivals
43,fixed_0.2,0.20000000,0.20000000,515,113,170,458,2,43345.39592339,37450.42207780,25933.65515557,5103.42857143,154.28571429,164.57142857,-6732.19549366,182.75000000,182.85714286,Low arrivals
44,fixed_0.2,0.20000000,0.20000000,458,89,169,378,1,37651.19873015,32530.63570285,26686.43288224,5103.42857143,154.28571429,164.57142857,-1059.63139204,182.00000000,182.85714286,Low arrivals
45,fixed_0.2,0.20000000,0.20000000,378,93,173,298,0,35760.62775326,30897.18237882,30669.43589239,5103.42857143,154.28571429,164.57142857,4556.82494214,182.25000000,182.85714286,Low arrivals
46,fixed_0.2,0.20000000,0.20000000,298,84,115,267,2,32141.40901864,27770.17739211,24079.64996874,5103.42857143,154.28571429,164.57142857,1094.04400520,120.00000000,182.85714286,Low arrivals
47,fixed_0.2,0.20000000,0.20000000,267,85,91,261,2,34164.93525293,29518.50405853,13832.42844259,5103.42857143,154.28571429,164.57142857,-10901.50418738,99.00000000,182.85714286,Low arrivals
48,fixed_0.2,0.20000000,0.20000000,261,95,87,269,2,35902.50923927,31019.76798273,14825.61311638,5103.42857143,154.28571429,164.57142857,-11409.58343778,93.75000000,182.85714286,Low arrivals
49,fixed_0.2,0.20000000,0.20000000,269,107,93,283,3,43307.23545689,37417.45143476,18641.64372450,5103.42857143,154.28571429,164.57142857,-13991.23628169,101.75000000,182.85714286,Low arrivals
50,fixed_0.2,0.20000000,0.20000000,283,89,108,264,1,31725.16030467,27410.53850324,15052.84284065,5103.42857143,154.28571429,164.57142857,-7573.12423402,117.25000000,182.85714286,Low arrivals
51,fixed_0.2,0.20000000,0.20000000,264,78,88,254,0,31616.29872007,27316.48209414,12984.67907941,5103.42857143,154.28571429,164.57142857,-9547.23158617,96.00000000,182.85714286,Low arrivals
52,fixed_0.2,0.20000000,0.20000000,254,95,83,266,1,35720.50397251,30862.51543224,13511.17166866,5103.42857143,154.28571429,164.57142857,-12566.77233502,92.50000000,182.85714286,Low arrivals
53,fixed_0.2,0.20000000,0.20000000,266,94,89,271,1,37862.16089015,32712.90700909,15254.51132343,5103.42857143,154.28571429,164.57142857,-12673.82425709,98.00000000,182.85714286,Low arrivals
54,fixed_0.2,0.20000000,0.20000000,271,105,97,279,4,38428.75483334,33202.44417601,13202.30737046,5103.42857143,154.28571429,164.57142857,-15215.56537698,103.50000000,182.85714286,Low arrivals
55,fixed_0.2,0.20000000,0.20000000,279,104,123,260,1,41778.92761437,36096.99345882,16849.52700593,5103.42857143,154.28571429,164.57142857,-14462.89502432,136.50000000,182.85714286,Low arrivals
56,fixed_0.2,0.20000000,0.20000000,260,150,100,310,1,58536.98458136,50575.95467830,15095.10156181,5103.42857143,154.28571429,164.57142857,-30696.28168792,108.25000000,182.85714286,Low arrivals
57,fixed_0.2,0.20000000,0.20000000,310,147,123,334,2,50475.97601302,43611.24327525,16979.63220627,5103.42857143,154.28571429,164.57142857,-21847.03964040,131.25000000,182.85714286,Low arrivals
58,fixed_0.2,0.20000000,0.20000000,334,152,130,356,3,57656.33683361,49815.07502424,22152.69383128,5103.42857143,154.28571429,164.57142857,-22877.80976439,136.25000000,182.85714286,Low arrivals
59,fixed_0.2,0.20000000,0.20000000,356,171,138,389,1,62231.25236220,53767.80204094,21023.24775652,5103.42857143,154.28571429,164.57142857,-27959.98285584,147.50000000,182.85714286,Low arrivals
60,fixed_0.2,0.20000000,0.20000000,389,170,143,416,1,67436.58757077,58265.21166114,26005.94898444,5103.42857143,154.28571429,164.57142857,-27474.69124813,152.75000000,182.85714286,Low arrivals
61,fixed_0.2,0.20000000,0.20000000,416,136,148,404,1,55202.63041839,47695.07268149,20426.05023290,5103.42857143,154.28571429,164.57142857,-22484.45102002,159.00000000,182.85714286,Low arrivals
62,fixed_0.2,0.20000000,0.20000000,404,135,131,408,0,53188.48963644,45954.85504588,20775.41354714,5103.42857143,154.28571429,164.57142857,-20394.87007017,143.25000000,182.85714286,Low arrivals
63,fixed_0.2,0.20000000,0.20000000,408,140,139,409,0,52195.85486866,45097.21860652,25835.93926343,5103.42857143,154.28571429,164.57142857,-14476.70791452,154.50000000,182.85714286,Low arrivals
64,fixed_0.2,0.20000000,0.20000000,409,129,141,397,3,46977.30294727,40588.38974644,19428.73882198,5103.42857143,154.28571429,164.57142857,-16375.07949589,152.75000000,182.85714286,Low arrivals
65,fixed_0.2,0.20000000,0.20000000,397,169,132,434,1,67676.24486211,58472.27556086,18048.22396036,5103.42857143,154.28571429,164.57142857,-35639.48017193,144.50000000,182.85714286,Low arrivals
66,fixed_0.2,0.20000000,0.20000000,434,135,157,412,3,51832.76576866,44783.50962412,23360.02723051,5103.42857143,154.28571429,164.57142857,-16638.91096505,168.50000000,182.85714286,Low arrivals
67,fixed_0.2,0.20000000,0.20000000,412,139,131,420,2,53379.85148906,46120.19168655,18808.58828862,5103.42857143,154.28571429,164.57142857,-22527.03196936,144.00000000,182.85714286,Low arrivals
68,fixed_0.2,0.20000000,0.20000000,420,145,151,414,2,53096.66517536,45875.51871151,23126.12225887,5103.42857143,154.28571429,164.57142857,-17964.82502407,167.25000000,182.85714286,Low arrivals
69,fixed_0.2,0.20000000,0.20000000,414,140,125,429,1,55252.67414202,47738.31045871,16909.15133932,5103.42857143,154.28571429,164.57142857,-26044.58769081,136.25000000,182.85714286,Low arrivals
70,fixed_0.2,0.20000000,0.20000000,429,147,136,440,4,58028.52426398,50136.64496408,20612.31526175,5103.42857143,154.28571429,164.57142857,-24739.75827376,145.25000000,182.85714286,Low arrivals
71,fixed_0.2,0.20000000,0.20000000,440,131,144,427,5,53236.60678283,45996.42826036,20861.53209764,5103.42857143,154.28571429,164.57142857,-20350.32473415,153.50000000,182.85714286,Low arrivals
72,fixed_0.2,0.20000000,0.20000000,427,136,136,427,4,54179.48864710,46811.07819110,19987.14350796,5103.42857143,154.28571429,164.57142857,-22039.36325457,146.25000000,182.85714286,Low arrivals
73,fixed_0.2,0.20000000,0.20000000,427,137,140,424,5,50262.49092892,43426.79216259,22471.12964852,5103.42857143,154.28571429,164.57142857,-16171.09108549,149.50000000,182.85714286,Low arrivals
74,fixed_0.2,0.20000000,0.20000000,424,142,127,439,4,55199.57808342,47692.43546407,18627.86803621,5103.42857143,154.28571429,164.57142857,-24279.99599930,137.00000000,182.85714286,Low arrivals
75,fixed_0.2,0.20000000,0.20000000,439,129,138,430,3,50170.49656121,43347.30902889,21657.31620271,5103.42857143,154.28571429,164.57142857,-16905.42139761,147.75000000,182.85714286,Low arrivals
76,fixed_0.2,0.20000000,0.20000000,430,146,155,421,5,51417.06572719,44424.34478829,20109.68120464,5103.42857143,154.28571429,164.57142857,-19530.09215508,168.00000000,182.85714286,Low arrivals
77,fixed_0.2,0.20000000,0.20000000,421,148,164,405,3,52877.23958088,45685.93499788,27882.62322775,5103.42857143,154.28571429,164.57142857,-13018.74034155,177.25000000,182.85714286,Low arrivals
78,fixed_0.2,0.20000000,0.20000000,405,124,151,378,4,52363.60008008,45242.15046919,18964.77277331,5103.42857143,154.28571429,164.57142857,-21492.80626731,164.00000000,182.85714286,Low arrivals
79,fixed_0.2,0.20000000,0.20000000,378,155,118,415,3,63244.13296380,54642.93088072,20234.48786698,5103.42857143,154.28571429,164.57142857,-29623.87158516,125.75000000,182.85714286,Low arrivals
80,fixed_0.2,0.20000000,0.20000000,415,144,140,419,1,55991.48452998,48376.64263390,23080.60987876,5103.42857143,154.28571429,164.57142857,-20511.46132657,152.00000000,182.85714286,Low arrivals
81,fixed_0.2,0.20000000,0.20000000,419,130,154,395,4,46251.06991576,39960.92440722,26365.72792615,5103.42857143,154.28571429,164.57142857,-8810.62505250,166.25000000,182.85714286,Low arrivals
82,fixed_0.2,0.20000000,0.20000000,395,162,142,415,3,60852.13054699,52576.24079260,22898.30949333,5103.42857143,154.28571429,164.57142857,-24893.35987070,155.50000000,182.85714286,Low arrivals
83,fixed_0.2,0.20000000,0.20000000,415,127,157,385,6,48875.31650723,42228.27346225,23812.21753678,5103.42857143,154.28571429,164.57142857,-13631.48449689,165.50000000,182.85714286,Low arrivals
0,fixed_0.5,0.50000000,0.22250000,1870,110,182,1798,0,42855.96674404,34713.33306267,32097.05336851,5028.21428571,385.71428571,164.57142857,1861.64887727,182.00000000,182.85714286,Low arrivals
1,fixed_0.5,0.50000000,0.24331250,1798,135,182,1751,0,60914.92896956,49341.09246535,30311.76853301,5028.21428571,385.71428571,164.57142857,-14551.39536091,182.00000000,182.85714286,Low arrivals
2,fixed_0.5,0.50000000,0.26256406,1751,136,182,1705,0,50300.96090301,40743.77833144,29603.98023773,5028.21428571,385.71428571,164.57142857,-6661.86952228,182.00000000,182.85714286,Low arrivals
3,fixed_0.5,0.50000000,0.28037176,1705,129,182,1652,0,49120.41216030,39787.53384985,28663.07688617,5028.21428571,385.71428571,164.57142857,-6646.52839225,182.00000000,182.85714286,Low arrivals
4,fixed_0.5,0.50000000,0.29684388,1652,112,182,1582,0,41366.68324166,33507.01342574,29401.42103351,5028.21428571,385.71428571,164.57142857,372.33617920,182.00000000,182.85714286,Low arrivals
5,fixed_0.5,0.50000000,0.31208059,1582,120,182,1520,0,47911.36005460,38808.20164422,30029.20415348,5028.21428571,385.71428571,164.57142857,-4301.06891932,182.00000000,182.85714286,Low arrivals
6,fixed_0.5,0.50000000,0.32617454,1520,140,182,1478,0,50998.61315821,41308.87665815,28164.84890623,5028.21428571,385.71428571,164.57142857,-8666.09918049,182.00000000,182.85714286,Low arrivals
7,fixed_0.5,0.50000000,0.33921145,1478,166,182,1462,0,63203.17828608,51194.57441172,34660.77348708,5028.21428571,385.71428571,164.57142857,-12055.87235321,182.00000000,182.85714286,Low arrivals
8,fixed_0.5,0.50000000,0.35127059,1462,148,182,1428,0,59137.33740621,47901.24329903,29844.71101503,5028.21428571,385.71428571,164.57142857,-13578.60371257,182.00000000,182.85714286,Low arrivals
9,fixed_0.5,0.50000000,0.36242530,1428,139,182,1385,0,61037.66711198,49440.51036070,34571.79514437,5028.21428571,385.71428571,164.57142857,-10390.78664490,182.00000000,182.85714286,Low arrivals
10,fixed_0.5,0.50000000,0.37274340,1385,138,169,1354,0,50306.69894469,40748.42614520,28149.52140542,5028.21428571,385.71428571,164.57142857,-8120.97616834,182.50000000,182.85714286,Low arrivals
11,fixed_0.5,0.50000000,0.38228765,1354,156,165,1345,0,59266.39773057,48005.78216176,27778.70513366,5028.21428571,385.71428571,164.57142857,-15749.14845667,182.75000000,182.85714286,Low arrivals
12,fixed_0.5,0.50000000,0.39111607,1345,137,167,1315,0,49007.37481035,39695.97359638,21306.38242598,5028.21428571,385.71428571,164.57142857,-13911.66259898,182.75000000,182.85714286,Low arrivals
13,fixed_0.5,0.50000000,0.39928237,1315,128,169,1274,4,49340.34694196,39965.68102299,24737.41851934,5028.21428571,385.71428571,164.57142857,-10750.33393221,182.50000000,182.85714286,Low arrivals
14,fixed_0.5,0.50000000,0.40683619,1274,155,169,1260,2,63874.48973160,51738.33668260,20625.93962732,5028.21428571,385.71428571,164.57142857,-26634.46848385,182.75000000,182.85714286,Low arrivals
15,fixed_0.5,0.50000000,0.41382347,1260,131,168,1223,2,49916.92581091,40432.70990684,21709.97066097,5028.21428571,385.71428571,164.57142857,-14244.81067444,182.25000000,182.85714286,Low arrivals
16,fixed_0.5,0.50000000,0.42028671,1223,154,168,1209,3,54674.59321870,44286.42050715,24954.82927293,5028.21428571,385.71428571,164.57142857,-14853.66266279,182.75000000,182.85714286,Low arrivals
17,fixed_0.5,0.50000000,0.42626521,1209,152,169,1192,2,58271.56907676,47199.97095218,32020.31231914,5028.21428571,385.71428571,164.57142857,-10701.73006161,182.75000000,182.85714286,Low arrivals
18,fixed_0.5,0.50000000,0.43179532,1192,138,170,1160,4,45378.96184274,36756.95909262,22266.89455261,5028.21428571,385.71428571,164.57142857,-10012.13596857,182.50000000,182.85714286,Low arrivals
19,fixed_0.5,0.50000000,0.43691067,1160,151,170,1141,3,62620.15110792,50722.32239741,23463.42242117,5028.21428571,385.71428571,164.57142857,-22780.97140482,182.00000000,182.85714286,Low arrivals
20,fixed_0.5,0.50000000,0.44164237,1141,134,168,1107,2,53934.13235671,43686.64720894,23446.74842245,5028.21428571,385.71428571,164.57142857,-15761.97021506,182.75000000,182.85714286,Low arrivals
21,fixed_0.5,0.50000000,0.44601919,1107,144,170,1081,3,52417.27522615,42457.99293318,26058.03388293,5028.21428571,385.71428571,164.57142857,-11922.03047882,182.50000000,182.85714286,Low arrivals
22,fixed_0.5,0.50000000,0.45006775,1081,151,167,1065,3,58939.00632839,47740.59512600,24007.84059465,5028.21428571,385.71428571,164.57142857,-19254.82595992,182.50000000,182.85714286,Low arrivals
23,fixed_0.5,0.50000000,0.45381267,1065,122,169,1018,2,45679.50618134,37000.40000689,21777.32372805,5028.21428571,385.71428571,164.57142857,-10745.14770741,182.25000000,182.85714286,Low arrivals
24,fixed_0.5,0.50000000,0.45727672,1018,145,165,998,1,53449.95133030,43294.46057754,23273.48851663,5028.21428571,385.71428571,164.57142857,-15543.04348949,182.25000000,182.85714286,Low arrivals
25,fixed_0.5,0.50000000,0.46048097,998,154,169,983,2,55430.32005405,44898.55924378,23199.52609705,5028.21428571,385.71428571,164.57142857,-17221.10457530,182.50000000,182.85714286,Low arrivals
26,fixed_0.5,0.50000000,0.46344489,983,147,168,962,2,52767.69322060,42741.83150868,25306.44910298,5028.21428571,385.71428571,164.57142857,-12957.45383428,182.50000000,182.85714286,Low arrivals
27,fixed_0.5,0.50000000,0.46618653,962,150,170,942,3,54535.13893440,44173.46253686,18850.77575304,5028.21428571,385.71428571,164.57142857,-20844.75821240,182.50000000,182.85714286,Low arrivals
28,fixed_0.5,0.50000000,0.46872254,942,76,169,849,2,28481.29186836,23069.84641337,26840.97521612,5028.21428571,385.71428571,164.57142857,8249.05737417,182.50000000,182.85714286,Low arrivals
29,fixed_0.5,0.50000000,0.47106835,849,77,170,756,1,27677.20667939,22418.53741030,28724.13591933,5028.21428571,385.71428571,164.57142857,10783.52708045,182.75000000,182.85714286,Low arrivals
30,fixed_0.5,0.50000000,0.47323822,756,86,168,674,3,33991.74152167,27533.31063255,20822.37869760,5028.21428571,385.71428571,164.57142857,-2233.00336353,182.50000000,182.85714286,Low arrivals
31,fixed_0.5,0.50000000,0.47524536,674,94,169,599,3,36188.21030797,29312.45034946,24225.52459089,5028.21428571,385.71428571,164.57142857,-608.99718714,182.25000000,182.85714286,Low arrivals
32,fixed_0.5,0.50000000,0.47710195,599,75,170,504,3,24986.29535466,20238.89923727,19438.35479064,5028.21428571,385.71428571,164.57142857,3677.38412479,182.75000000,182.85714286,Low arrivals
33,fixed_0.5,0.50000000,0.47881931,504,88,170,422,2,33915.37840177,27471.45650544,21796.16655468,5028.21428571,385.71428571,164.57142857,-1197.36137932,182.25000000,182.85714286,Low arrivals
34,fixed_0.5,0.50000000,0.48040786,422,96,170,348,4,31777.68421280,25739.92421237,23490.17615165,5028.21428571,385.71428571,164.57142857,2228.18051071,182.00000000,182.85714286,Low arrivals
35,fixed_0.5,0.50000000,0.48187727,348,88,172,264,1,31197.16058417,25269.70007318,22412.99584166,5028.21428571,385.71428571,164.57142857,1621.22433991,182.75000000,182.85714286,Low arrivals
36,fixed_0.5,0.50000000,0.48323647,264,93,99,258,0,35256.03005404,28557.38434378,12496.74492166,5028.21428571,385.71428571,164.57142857,-11582.71085069,108.25000000,182.85714286,Low arrivals
37,fixed_0.5,0.50000000,0.48449374,258,101,92,267,1,42016.92966936,34033.71303218,12414.97391046,5028.21428571,385.71428571,164.57142857,-17140.81055029,98.50000000,182.85714286,Low arrivals
38,fixed_0.5,0.50000000,0.48565671,267,78,104,241,3,32213.64743447,26093.05442192,11161.52595085,5028.21428571,385.71428571,164.57142857,-10453.59989964,112.00000000,182.85714286,Low arrivals
39,fixed_0.5,0.50000000,0.48673246,241,90,80,251,4,34429.78564352,27888.12637125,9546.27953677,5028.21428571,385.71428571,164.57142857,-13863.91826305,83.00000000,182.85714286,Low arrivals
40,fixed_0.5,0.50000000,0.48772752,251,85,102,234,5,37729.76966634,30561.11342974,13608.27287225,5028.21428571,385.71428571,164.57142857,-12474.91198606,108.25000000,182.85714286,Low arrivals
41,fixed_0.5,0.50000000,0.48864796,234,91,94,231,2,36365.48632124,29456.04392020,15708.74317723,5028.21428571,385.71428571,164.57142857,-9269.37217155,103.00000000,182.85714286,Low arrivals
42,fixed_0.5,0.50000000,0.48949936,231,87,88,230,1,33953.99971080,27502.73976575,10685.33126252,5028.21428571,385.71428571,164.57142857,-12339.47993180,96.25000000,182.85714286,Low arrivals
43,fixed_0.5,0.50000000,0.49028691,230,101,86,245,2,39722.33886912,32175.09448398,13877.86984870,5028.21428571,385.71428571,164.57142857,-13819.29606386,92.00000000,182.85714286,Low arrivals
44,fixed_0.5,0.50000000,0.49101539,245,78,96,227,1,31299.99304662,25352.99436777,13811.66984648,5028.21428571,385.71428571,164.57142857,-7063.39594985,102.00000000,182.85714286,Low arrivals
45,fixed_0.5,0.50000000,0.49168924,227,82,71,238,0,30269.34241215,24518.16735384,12422.47455438,5028.21428571,385.71428571,164.57142857,-7617.76422804,78.75000000,182.85714286,Low arrivals
46,fixed_0.5,0.50000000,0.49231254,238,72,78,232,1,26459.89087293,21432.51160707,14122.51340366,5028.21428571,385.71428571,164.57142857,-2832.06963198,83.25000000,182.85714286,Low arrivals
47,fixed_0.5,0.50000000,0.49288910,232,74,78,228,1,29202.55813343,23654.07208808,11741.87260061,5028.21428571,385.71428571,164.57142857,-7434.27091604,85.50000000,182.85714286,Low arrivals
48,fixed_0.5,0.50000000,0.49342242,228,84,75,237,2,32221.01732408,26099.02403251,10520.50090078,5028.21428571,385.71428571,164.57142857,-11100.59456030,80.75000000,182.85714286,Low arrivals
49,fixed_0.5,0.50000000,0.49391574,237,89,82,244,3,36623.89738349,29665.35688063,15195.22295638,5028.21428571,385.71428571,164.57142857,-9992.20535283,89.50000000,182.85714286,Low arrivals
50,fixed_0.5,0.50000000,0.49437206,244,78,88,234,1,27297.26365204,22110.78355816,9961.96714107,5028.21428571,385.71428571,164.57142857,-7670.88784566,95.75000000,182.85714286,Low arrivals
51,fixed_0.5,0.50000000,0.49479415,234,69,81,222,0,27372.83388677,22171.99544828,11306.30673139,5028.21428571,385.71428571,164.57142857,-6387.76014546,88.50000000,182.85714286,Low arrivals
52,fixed_0.5,0.50000000,0.49518459,222,80,73,229,1,29646.21391066,24013.43326764,10611.89908899,5028.21428571,385.71428571,164.57142857,-8923.60560722,80.50000000,182.85714286,Low arrivals
53,fixed_0.5,0.50000000,0.49554575,229,85,72,242,1,33622.09186557,27233.89441111,11623.92589484,5028.21428571,385.71428571,164.57142857,-11132.03994484,79.25000000,182.85714286,Low arrivals
54,fixed_0.5,0.50000000,0.49587982,242,92,87,247,4,31530.19143109,25539.45505918,10309.39094523,5028.21428571,385.71428571,164.57142857,-10752.13554253,92.50000000,182.85714286,Low arrivals
55,fixed_0.5,0.50000000,0.49618883,247,88,107,228,1,36318.91354886,29418.31997458,13286.20037297,5028.21428571,385.71428571,164.57142857,-11654.19103017,118.50000000,182.85714286,Low arrivals
56,fixed_0.5,0.50000000,0.49647467,228,126,85,269,1,50692.37101477,41060.82052196,11686.91698571,5028.21428571,385.71428571,164.57142857,-24895.97496483,92.25000000,182.85714286,Low arrivals
57,fixed_0.5,0.50000000,0.49673907,269,129,107,291,2,45265.05237760,36664.69242586,14099.32903480,5028.21428571,385.71428571,164.57142857,-18087.43481963,114.25000000,182.85714286,Low arrivals
58,fixed_0.5,0.50000000,0.49698364,291,137,112,316,2,51598.78212302,41795.01351965,17973.88502070,5028.21428571,385.71428571,164.57142857,-19343.19992752,117.75000000,182.85714286,Low arrivals
59,fixed_0.5,0.50000000,0.49720986,316,156,124,348,1,56007.70108896,45366.23788205,18270.72049083,5028.21428571,385.71428571,164.57142857,-22617.58881980,131.50000000,182.85714286,Low arrivals
60,fixed_0.5,0.50000000,0.49741913,348,146,130,364,1,56189.26526963,45513.30486840,21956.39074838,5028.21428571,385.71428571,164.57142857,-19078.98554860,139.00000000,182.85714286,Low arrivals
61,fixed_0.5,0.50000000,0.49761269,364,128,123,369,1,51807.50053949,41964.07543699,14482.20336355,5028.21428571,385.71428571,164.57142857,-23003.94350201,131.50000000,182.85714286,Low arrivals
62,fixed_0.5,0.50000000,0.49779174,369,119,117,371,0,46732.70676978,37853.49248352,18171.99560613,5028.21428571,385.71428571,164.57142857,-15203.56830596,127.25000000,182.85714286,Low arrivals
63,fixed_0.5,0.50000000,0.49795736,371,126,123,374,0,46593.52737401,37740.75717295,21695.57710197,5028.21428571,385.71428571,164.57142857,-11567.25149954,136.75000000,182.85714286,Low arrivals
64,fixed_0.5,0.50000000,0.49811056,374,117,129,362,3,42254.72864624,34226.33020345,16996.94013114,5028.21428571,385.71428571,164.57142857,-12751.46150088,139.00000000,182.85714286,Low arrivals
65,fixed_0.5,0.50000000,0.49825226,362,150,120,392,1,61170.93734738,49548.45925138,15723.08416943,5028.21428571,385.71428571,164.57142857,-29347.44651052,131.50000000,182.85714286,Low arrivals
66,fixed_0.5,0.50000000,0.49838335,392,121,141,372,3,47123.45735070,38170.00045407,20074.23374617,5028.21428571,385.71428571,164.57142857,-13617.83813647,151.00000000,182.85714286,Low arrivals
67,fixed_0.5,0.50000000,0.49850459,372,126,122,376,2,49559.98949599,40143.59149175,16082.81451084,5028.21428571,385.71428571,164.57142857,-19582.84840948,134.25000000,182.85714286,Low arrivals
68,fixed_0.5,0.50000000,0.49861675,376,126,132,370,1,47487.44623554,38464.83145079,19184.36401894,5028.21428571,385.71428571,164.57142857,-14802.53886042,146.50000000,182.85714286,Low arrivals
69,fixed_0.5,0.50000000,0.49872049,370,123,108,385,1,49396.29151059,40010.99612358,14148.32706784,5028.21428571,385.71428571,164.57142857,-21384.74048431,117.75000000,182.85714286,Low arrivals
70,fixed_0.5,0.50000000,0.49881646,385,133,123,395,4,52026.58190379,42141.53134207,18345.45023170,5028.21428571,385.71428571,164.57142857,-19318.15253895,131.25000000,182.85714286,Low arrivals
71,fixed_0.5,0.50000000,0.49890522,395,113,130,378,5,45124.20177691,36550.60343929,17676.48881508,5028.21428571,385.71428571,164.57142857,-14396.18605279,138.75000000,182.85714286,Low arrivals
72,fixed_0.5,0.50000000,0.49898733,378,119,118,379,4,48135.39817699,38989.67252336,15952.24247812,5028.21428571,385.71428571,164.57142857,-18559.50147381,127.00000000,182.85714286,Low arrivals
73,fixed_0.5,0.50000000,0.49906328,379,121,126,374,5,44720.74163500,36223.80072435,18854.93269464,5028.21428571,385.71428571,164.57142857,-12890.93945828,133.75000000,182.85714286,Low arrivals
74,fixed_0.5,0.50000000,0.49913353,374,121,115,380,4,47270.33537081,38288.97165035,15703.08180128,5028.21428571,385.71428571,164.57142857,-18107.96127764,123.50000000,182.85714286,Low arrivals
75,fixed_0.5,0.50000000,0.49919852,380,112,117,375,1,42346.13371967,34300.36831293,17323.08697805,5028.21428571,385.71428571,164.57142857,-12499.35276345,126.75000000,182.85714286,Low arrivals
76,fixed_0.5,0.50000000,0.49925863,375,134,141,368,5,46509.09971156,37672.37076636,16077.90220956,5028.21428571,385.71428571,164.57142857,-17116.53998537,152.75000000,182.85714286,Low arrivals
77,fixed_0.5,0.50000000,0.49931423,368,131,144,355,3,47631.97420846,38581.89910885,23834.88941116,5028.21428571,385.71428571,164.57142857,-10269.08112626,154.00000000,182.85714286,Low arrivals
78,fixed_0.5,0.50000000,0.49936567,355,113,129,339,4,48491.09064943,39277.78342604,15360.81754560,5028.21428571,385.71428571,164.57142857,-19439.03730901,139.00000000,182.85714286,Low arrivals
79,fixed_0.5,0.50000000,0.49941324,339,135,107,367,3,54708.58770767,44313.95604322,17480.17564189,5028.21428571,385.71428571,164.57142857,-22355.85182990,114.00000000,182.85714286,Low arrivals
80,fixed_0.5,0.50000000,0.49945725,367,126,125,368,1,49240.57173169,39884.86310267,18864.85426234,5028.21428571,385.71428571,164.57142857,-16542.08026891,136.25000000,182.85714286,Low arrivals
81,fixed_0.5,0.50000000,0.49949795,368,112,135,345,3,40516.35116203,32818.24444125,22363.15086189,5028.21428571,385.71428571,164.57142857,-5977.16500793,146.50000000,182.85714286,Low arrivals
82,fixed_0.5,0.50000000,0.49953561,345,141,122,364,3,54919.30178885,44484.63444897,18297.74952430,5028.21428571,385.71428571,164.57142857,-21708.95635324,133.50000000,182.85714286,Low arrivals
83,fixed_0.5,0.50000000,0.49957044,364,115,135,344,6,43911.16876543,35568.04670000,19890.35381125,5028.21428571,385.71428571,164.57142857,-11199.76431732,141.25000000,182.85714286,Low arrivals
0,fixed_0.8,0.80000000,0.24500000,1870,87,182,1775,0,34123.80347733,25797.59542886,32097.05336851,4953.00000000,617.14285714,164.57142857,10470.74365394,182.00000000,182.85714286,Low arrivals
1,fixed_0.8,0.80000000,0.28662500,1775,105,182,1698,0,48746.72002382,36852.52033801,30311.76853301,4953.00000000,617.14285714,164.57142857,-2369.46609071,182.00000000,182.85714286,Low arrivals
2,fixed_0.8,0.80000000,0.32512812,1698,105,182,1621,0,37137.84489552,28076.21074102,29603.98023773,4953.00000000,617.14285714,164.57142857,5699.05521100,182.00000000,182.85714286,Low arrivals
3,fixed_0.8,0.80000000,0.36074352,1621,112,182,1551,0,43457.29715519,32853.71664932,28663.07688617,4953.00000000,617.14285714,164.57142857,-19.35404887,182.00000000,182.85714286,Low arrivals
4,fixed_0.8,0.80000000,0.39368775,1551,93,182,1462,0,33321.66466886,25191.17848966,29401.42103351,4953.00000000,617.14285714,164.57142857,8381.52825814,182.00000000,182.85714286,Low arrivals
5,fixed_0.8,0.80000000,0.42416117,1462,92,182,1372,0,35349.12810506,26723.94084743,30029.20415348,4953.00000000,617.14285714,164.57142857,7476.54902034,182.00000000,182.85714286,Low arrivals
6,fixed_0.8,0.80000000,0.45234908,1372,121,182,1311,0,44322.97874413,33508.17193056,28164.84890623,4953.00000000,617.14285714,164.57142857,-1172.03731005,182.00000000,182.85714286,Low arrivals
7,fixed_0.8,0.80000000,0.47842290,1311,144,182,1273,0,54478.68650646,41185.88699889,34660.77348708,4953.00000000,617.14285714,164.57142857,-2353.82779752,182.00000000,182.85714286,Low arrivals
8,fixed_0.8,0.80000000,0.50254118,1273,127,182,1218,0,51548.56707704,38970.71671024,29844.71101503,4953.00000000,617.14285714,164.57142857,-4954.71998093,182.00000000,182.85714286,Low arrivals
9,fixed_0.8,0.80000000,0.52485060,1218,123,182,1159,0,54001.00097223,40824.75673500,34571.79514437,4953.00000000,617.14285714,164.57142857,-2081.67587634,182.00000000,182.85714286,Low arrivals
10,fixed_0.8,0.80000000,0.54548680,1159,117,168,1108,0,41598.26041095,31448.28487068,26946.27009147,4953.00000000,617.14285714,164.57142857,-330.72906493,182.50000000,182.85714286,Low arrivals
11,fixed_0.8,0.80000000,0.56457529,1108,143,166,1085,0,53979.31975800,40808.36573705,24432.30131871,4953.00000000,617.14285714,164.57142857,-12204.77870405,182.00000000,182.85714286,Low arrivals
12,fixed_0.8,0.80000000,0.58223214,1085,120,165,1040,0,44151.98030570,33378.89711111,21896.80106436,4953.00000000,617.14285714,164.57142857,-7310.81033246,182.75000000,182.85714286,Low arrivals
13,fixed_0.8,0.80000000,0.59856473,1040,118,171,987,4,44587.99326667,33708.52290960,19494.81384530,4953.00000000,617.14285714,164.57142857,-10042.42335002,182.25000000,182.85714286,Low arrivals
14,fixed_0.8,0.80000000,0.61367238,987,140,166,961,1,57690.98085176,43614.38152393,17664.23024643,4953.00000000,617.14285714,164.57142857,-21778.86556322,182.50000000,182.85714286,Low arrivals
15,fixed_0.8,0.80000000,0.62764695,961,122,167,916,1,46412.21217973,35087.63240788,26528.42520403,4953.00000000,617.14285714,164.57142857,-4387.92148957,182.00000000,182.85714286,Low arrivals
16,fixed_0.8,0.80000000,0.64057343,916,142,167,891,2,50802.97678514,38407.05044957,25708.59895456,4953.00000000,617.14285714,164.57142857,-8527.16578072,182.50000000,182.85714286,Low arrivals
17,fixed_0.8,0.80000000,0.65253042,891,145,170,866,2,56974.47131019,43072.70031051,19544.23575481,4953.00000000,617.14285714,164.57142857,-19357.17884141,182.75000000,182.85714286,Low arrivals
18,fixed_0.8,0.80000000,0.66359064,866,128,171,823,3,41946.31380514,31711.41323669,23089.91474265,4953.00000000,617.14285714,164.57142857,-4450.21277975,182.50000000,182.85714286,Low arrivals
19,fixed_0.8,0.80000000,0.67382134,823,142,170,795,3,59066.53362149,44654.29941785,22830.02367960,4953.00000000,617.14285714,164.57142857,-17652.99002396,182.25000000,182.85714286,Low arrivals
20,fixed_0.8,0.80000000,0.68328474,795,125,168,752,2,50548.61111159,38214.75000036,24177.37405977,4953.00000000,617.14285714,164.57142857,-9866.09022631,182.75000000,182.85714286,Low arrivals
21,fixed_0.8,0.80000000,0.69203839,752,131,168,715,2,46663.58142987,35277.66756098,23755.68290936,4953.00000000,617.14285714,164.57142857,-7350.69893734,182.25000000,182.85714286,Low arrivals
22,fixed_0.8,0.80000000,0.70013551,715,139,168,686,2,53931.73953358,40772.39508738,19279.60089695,4953.00000000,617.14285714,164.57142857,-17321.50847615,182.25000000,182.85714286,Low arrivals
23,fixed_0.8,0.80000000,0.70762534,686,116,165,637,0,43483.50925467,32873.53299653,21752.58327396,4953.00000000,617.14285714,164.57142857,-6949.66400828,182.00000000,182.85714286,Low arrivals
24,fixed_0.8,0.80000000,0.71455344,637,138,168,607,1,51013.06020712,38565.87351658,23649.89604032,4953.00000000,617.14285714,164.57142857,-10744.69176198,182.50000000,182.85714286,Low arrivals
25,fixed_0.8,0.80000000,0.72096193,607,147,171,583,2,52875.69619520,39974.02632357,20741.23811029,4953.00000000,617.14285714,164.57142857,-15061.50249899,182.75000000,182.85714286,Low arrivals
26,fixed_0.8,0.80000000,0.72688979,583,139,170,552,2,50534.90055546,38204.38481992,24825.46062309,4953.00000000,617.14285714,164.57142857,-9207.63848255,182.50000000,182.85714286,Low arrivals
27,fixed_0.8,0.80000000,0.73237306,552,147,170,529,1,53531.31898812,40469.67715502,21888.49655264,4953.00000000,617.14285714,164.57142857,-14409.89488810,182.50000000,182.85714286,Low arrivals
28,fixed_0.8,0.80000000,0.73744508,529,73,169,433,2,27394.42104718,20710.18231167,23928.90360696,4953.00000000,617.14285714,164.57142857,7390.00700958,182.00000000,182.85714286,Low arrivals
29,fixed_0.8,0.80000000,0.74213670,433,73,170,336,1,26174.95117541,19788.26308861,21844.08544215,4953.00000000,617.14285714,164.57142857,6227.10806783,182.25000000,182.85714286,Low arrivals
30,fixed_0.8,0.80000000,0.74647644,336,79,147,268,3,31498.27149457,23812.69324989,13371.23483719,4953.00000000,617.14285714,164.57142857,-6270.17269842,158.25000000,182.85714286,Low arrivals
31,fixed_0.8,0.80000000,0.75049071,268,89,79,278,2,34593.25388805,26152.49993936,8327.86365230,4953.00000000,617.14285714,164.57142857,-13653.35057278,88.50000000,182.85714286,Low arrivals
32,fixed_0.8,0.80000000,0.75420391,278,73,100,251,3,24370.97669095,18424.45837836,12486.78414236,4953.00000000,617.14285714,164.57142857,-1766.38852171,108.50000000,182.85714286,Low arrivals
33,fixed_0.8,0.80000000,0.75763861,251,86,83,254,2,33078.14630495,25007.07860655,11401.70746974,4953.00000000,617.14285714,164.57142857,-9434.08542252,91.50000000,182.85714286,Low arrivals
34,fixed_0.8,0.80000000,0.76081572,254,90,93,251,3,29260.96642122,22121.29061445,11478.93421464,4953.00000000,617.14285714,164.57142857,-6471.07068552,101.00000000,182.85714286,Low arrivals
35,fixed_0.8,0.80000000,0.76375454,251,82,88,245,1,29056.16905721,21966.46380725,8788.09839525,4953.00000000,617.14285714,164.57142857,-9007.07969772,95.50000000,182.85714286,Low arrivals
36,fixed_0.8,0.80000000,0.76647295,245,90,88,247,0,34402.48090145,26008.27556149,10250.23815273,4953.00000000,617.14285714,164.57142857,-11586.75169448,96.50000000,182.85714286,Low arrivals
37,fixed_0.8,0.80000000,0.76898748,247,97,86,258,1,40480.19739824,30603.02923307,11263.47904602,4953.00000000,617.14285714,164.57142857,-15168.26447276,91.50000000,182.85714286,Low arrivals
38,fixed_0.8,0.80000000,0.77131342,258,73,99,232,3,30391.27237194,22975.80191319,10199.84584971,4953.00000000,617.14285714,164.57142857,-8604.67034920,106.25000000,182.85714286,Low arrivals
39,fixed_0.8,0.80000000,0.77346491,232,84,75,241,4,32205.11857706,24347.06964426,8671.13481763,4953.00000000,617.14285714,164.57142857,-11504.64911234,78.00000000,182.85714286,Low arrivals
40,fixed_0.8,0.80000000,0.77545504,241,81,97,225,5,36085.08176900,27280.32181737,12012.15910683,4953.00000000,617.14285714,164.57142857,-11096.87699625,103.00000000,182.85714286,Low arrivals
41,fixed_0.8,0.80000000,0.77729591,225,88,92,221,2,35063.89143742,26508.30192669,14164.13262672,4953.00000000,617.14285714,164.57142857,-8172.88358568,101.00000000,182.85714286,Low arrivals
42,fixed_0.8,0.80000000,0.77899872,221,82,81,222,1,32289.00803626,24410.49007541,8843.60021407,4953.00000000,617.14285714,164.57142857,-11395.60414706,88.25000000,182.85714286,Low arrivals
43,fixed_0.8,0.80000000,0.78057382,222,100,83,239,2,39462.02318457,29833.28952754,12353.46948739,4953.00000000,617.14285714,164.57142857,-13308.53432586,88.50000000,182.85714286,Low arrivals
44,fixed_0.8,0.80000000,0.78203078,239,74,94,219,1,29986.31331258,22669.65286431,12723.61299783,4953.00000000,617.14285714,164.57142857,-5774.75415219,99.75000000,182.85714286,Low arrivals
45,fixed_0.8,0.80000000,0.78337847,219,80,68,231,0,29769.23324940,22505.54033655,10633.20686763,4953.00000000,617.14285714,164.57142857,-7701.04775463,75.50000000,182.85714286,Low arrivals
46,fixed_0.8,0.80000000,0.78462509,231,67,76,222,1,23984.37421115,18132.18690363,12950.19634692,4953.00000000,617.14285714,164.57142857,-1010.70484243,81.25000000,182.85714286,Low arrivals
47,fixed_0.8,0.80000000,0.78577820,222,71,74,219,1,27805.79802155,21021.18330429,10313.00065386,4953.00000000,617.14285714,164.57142857,-6536.89693615,81.50000000,182.85714286,Low arrivals
48,fixed_0.8,0.80000000,0.78684484,219,81,72,228,2,31467.91550070,23789.74411853,9364.74625652,4953.00000000,617.14285714,164.57142857,-10253.71214772,77.50000000,182.85714286,Low arrivals
49,fixed_0.8,0.80000000,0.78783148,228,86,79,235,3,35386.66577716,26752.31932753,13810.56446823,4953.00000000,617.14285714,164.57142857,-8770.46914501,86.25000000,182.85714286,Low arrivals
50,fixed_0.8,0.80000000,0.78874412,235,73,84,224,1,25698.27530657,19427.89613177,8755.49010417,4953.00000000,617.14285714,164.57142857,-6501.12031331,91.50000000,182.85714286,Low arrivals
51,fixed_0.8,0.80000000,0.78958831,224,66,76,214,0,26359.53443163,19927.80803032,9542.35515830,4953.00000000,617.14285714,164.57142857,-6214.16715773,83.00000000,182.85714286,Low arrivals
52,fixed_0.8,0.80000000,0.79036918,214,74,71,217,1,27291.88034546,20632.66154117,9822.98849431,4953.00000000,617.14285714,164.57142857,-6638.38733257,78.25000000,182.85714286,Low arrivals
53,fixed_0.8,0.80000000,0.79109150,217,81,69,229,1,31550.69859769,23852.32813986,10343.22054709,4953.00000000,617.14285714,164.57142857,-9337.82187848,76.00000000,182.85714286,Low arrivals
54,fixed_0.8,0.80000000,0.79175963,229,88,81,236,4,30340.15465064,22937.15691589,9112.35064295,4953.00000000,617.14285714,164.57142857,-9653.52055865,85.50000000,182.85714286,Low arrivals
55,fixed_0.8,0.80000000,0.79237766,236,82,102,216,1,34951.23691709,26423.13510932,11637.15492542,4953.00000000,617.14285714,164.57142857,-10614.69446961,112.75000000,182.85714286,Low arrivals
56,fixed_0.8,0.80000000,0.79294934,216,124,81,259,1,49370.07238734,37323.77472483,10775.67579117,4953.00000000,617.14285714,164.57142857,-22376.81321937,88.00000000,182.85714286,Low arrivals
57,fixed_0.8,0.80000000,0.79347814,259,121,104,276,1,42331.10861603,32002.31811372,12903.54255253,4953.00000000,617.14285714,164.57142857,-14927.48984690,112.00000000,182.85714286,Low arrivals
58,fixed_0.8,0.80000000,0.79396728,276,129,106,299,2,49662.53286483,37544.87484581,15274.45099005,4953.00000000,617.14285714,164.57142857,-18099.13814147,110.75000000,182.85714286,Low arrivals
59,fixed_0.8,0.80000000,0.79441973,299,153,118,334,1,55412.53301814,41891.87496171,16646.91190538,4953.00000000,617.14285714,164.57142857,-21073.67734204,125.00000000,182.85714286,Low arrivals
60,fixed_0.8,0.80000000,0.79483825,334,145,126,353,1,56004.69969901,42339.55297245,19764.83612069,4953.00000000,617.14285714,164.57142857,-18403.43113748,134.50000000,182.85714286,Low arrivals
61,fixed_0.8,0.80000000,0.79522538,353,123,120,356,1,47606.79490029,35990.73694462,13333.82205289,4953.00000000,617.14285714,164.57142857,-18485.62917745,128.00000000,182.85714286,Low arrivals
62,fixed_0.8,0.80000000,0.79558348,356,116,113,359,0,45814.38057787,34635.67171687,16213.37880159,4953.00000000,617.14285714,164.57142857,-14251.00720100,123.00000000,182.85714286,Low arrivals
63,fixed_0.8,0.80000000,0.79591472,359,124,119,364,0,45853.33360581,34665.12020600,19794.94375102,4953.00000000,617.14285714,164.57142857,-10698.89074069,132.25000000,182.85714286,Low arrivals
64,fixed_0.8,0.80000000,0.79622111,364,114,124,354,3,40919.68592907,30935.28256238,15136.41000424,4953.00000000,617.14285714,164.57142857,-11627.58684385,133.25000000,182.85714286,Low arrivals
65,fixed_0.8,0.80000000,0.79650453,354,148,116,386,1,60146.97337205,45471.11186927,14340.13604066,4953.00000000,617.14285714,164.57142857,-26959.69011432,126.75000000,182.85714286,Low arrivals
66,fixed_0.8,0.80000000,0.79676669,386,119,140,365,3,46457.22175013,35121.65964310,18402.20565847,4953.00000000,617.14285714,164.57142857,-12548.16827034,150.00000000,182.85714286,Low arrivals
67,fixed_0.8,0.80000000,0.79700919,365,122,119,368,2,47886.92297818,36202.51377150,14735.67687441,4953.00000000,617.14285714,164.57142857,-17295.55118281,131.00000000,182.85714286,Low arrivals
68,fixed_0.8,0.80000000,0.79723350,368,119,129,358,1,44533.94659393,33667.66362501,17296.89282374,4953.00000000,617.14285714,164.57142857,-12199.48508698,143.50000000,182.85714286,Low arrivals
69,fixed_0.8,0.80000000,0.79744099,358,117,103,372,1,46806.97934187,35386.07638246,12458.02771478,4953.00000000,617.14285714,164.57142857,-18756.76295339,112.25000000,182.85714286,Low arrivals
70,fixed_0.8,0.80000000,0.79763291,372,130,116,386,3,51102.43704293,38633.44240446,16956.40210311,4953.00000000,617.14285714,164.57142857,-17505.75458706,125.00000000,182.85714286,Low arrivals
71,fixed_0.8,0.80000000,0.79781044,386,111,128,369,4,44664.50342399,33766.36458854,16429.62666880,4953.00000000,617.14285714,164.57142857,-13165.45220545,137.75000000,182.85714286,Low arrivals
72,fixed_0.8,0.80000000,0.79797466,369,117,118,368,4,47697.36665443,36059.20919075,14888.75964625,4953.00000000,617.14285714,164.57142857,-16999.16383022,127.00000000,182.85714286,Low arrivals
73,fixed_0.8,0.80000000,0.79812656,368,111,122,357,5,40951.10341877,30959.03418459,17246.77499167,4953.00000000,617.14285714,164.57142857,-9540.97347864,129.25000000,182.85714286,Low arrivals
74,fixed_0.8,0.80000000,0.79826707,357,117,109,365,4,44449.54531212,33603.85625596,14090.09652847,4953.00000000,617.14285714,164.57142857,-15342.47401320,117.25000000,182.85714286,Low arrivals
75,fixed_0.8,0.80000000,0.79839704,365,109,113,361,1,41086.05222690,31061.05548353,15323.10456496,4953.00000000,617.14285714,164.57142857,-11566.66520429,122.25000000,182.85714286,Low arrivals
76,fixed_0.8,0.80000000,0.79851726,361,132,137,356,5,45961.78577113,34747.11004297,14237.02557022,4953.00000000,617.14285714,164.57142857,-16338.79875847,148.00000000,182.85714286,Low arrivals
77,fixed_0.8,0.80000000,0.79862847,356,125,139,342,3,43948.41246071,33224.99982030,21350.80702462,4953.00000000,617.14285714,164.57142857,-7702.90708139,148.00000000,182.85714286,Low arrivals
78,fixed_0.8,0.80000000,0.79873133,342,110,125,327,4,47812.18017248,36146.00821040,13314.77260623,4953.00000000,617.14285714,164.57142857,-18659.94988988,135.00000000,182.85714286,Low arrivals
79,fixed_0.8,0.80000000,0.79882648,327,129,103,353,3,52240.04589489,39493.47469653,15108.77209618,4953.00000000,617.14285714,164.57142857,-20213.41688607,109.25000000,182.85714286,Low arrivals
80,fixed_0.8,0.80000000,0.79891450,353,120,123,350,1,46704.25146177,35308.41410509,17607.19731151,4953.00000000,617.14285714,164.57142857,-13529.93107929,134.25000000,182.85714286,Low arrivals
81,fixed_0.8,0.80000000,0.79899591,350,111,124,337,2,40350.23597706,30504.77839866,18975.44512440,4953.00000000,617.14285714,164.57142857,-7358.04755997,135.25000000,182.85714286,Low arrivals
82,fixed_0.8,0.80000000,0.79907122,337,138,121,354,3,53286.66444185,40284.71831804,17077.89955601,4953.00000000,617.14285714,164.57142857,-19035.53304774,132.25000000,182.85714286,Low arrivals
83,fixed_0.8,0.80000000,0.79914087,354,108,132,330,6,41033.27408522,31021.15520843,17610.31453916,4953.00000000,617.14285714,164.57142857,-9239.55495498,138.00000000,182.85714286,Low arrivals
0,adaptive,0.80000000,0.24500000,1870,87,182,1775,0,34123.80347733,25797.59542886,32097.05336851,4953.00000000,617.14285714,164.57142857,10470.74365394,182.00000000,182.85714286,Low arrivals
1,adaptive,0.80000000,0.28662500,1775,105,182,1698,0,48746.72002382,36852.52033801,30311.76853301,4953.00000000,617.14285714,164.57142857,-2369.46609071,182.00000000,182.85714286,Low arrivals
2,adaptive,0.80000000,0.32512812,1698,105,182,1621,0,37137.84489552,28076.21074102,29603.98023773,4953.00000000,617.14285714,164.57142857,5699.05521100,182.00000000,182.85714286,Low arrivals
3,adaptive,0.80000000,0.36074352,1621,112,182,1551,0,43457.29715519,32853.71664932,28663.07688617,4953.00000000,617.14285714,164.57142857,-19.35404887,182.00000000,182.85714286,Low arrivals
4,adaptive,0.80000000,0.39368775,1551,93,182,1462,0,33321.66466886,25191.17848966,29401.42103351,4953.00000000,617.14285714,164.57142857,8381.52825814,182.00000000,182.85714286,Low arrivals
5,adaptive,0.80000000,0.42416117,1462,92,182,1372,0,35349.12810506,26723.94084743,30029.20415348,4953.00000000,617.14285714,164.57142857,7476.54902034,182.00000000,182.85714286,Low arrivals
6,adaptive,0.80000000,0.45234908,1372,121,182,1311,0,44322.97874413,33508.17193056,28164.84890623,4953.00000000,617.14285714,164.57142857,-1172.03731005,182.00000000,182.85714286,Low arrivals
7,adaptive,0.80000000,0.47842290,1311,144,182,1273,0,54478.68650646,41185.88699889,34660.77348708,4953.00000000,617.14285714,164.57142857,-2353.82779752,182.00000000,182.85714286,Low arrivals
8,adaptive,0.80000000,0.50254118,1273,127,182,1218,0,51548.56707704,38970.71671024,29844.71101503,4953.00000000,617.14285714,164.57142857,-4954.71998093,182.00000000,182.85714286,Low arrivals
9,adaptive,0.80000000,0.52485060,1218,123,182,1159,0,54001.00097223,40824.75673500,34571.79514437,4953.00000000,617.14285714,164.57142857,-2081.67587634,182.00000000,182.85714286,Low arrivals
10,adaptive,0.80000000,0.54548680,1159,117,168,1108,0,41598.26041095,31448.28487068,26946.27009147,4953.00000000,617.14285714,164.57142857,-330.72906493,182.50000000,182.85714286,Low arrivals
11,adaptive,0.80000000,0.56457529,1108,143,166,1085,0,53979.31975800,40808.36573705,24432.30131871,4953.00000000,617.14285714,164.57142857,-12204.77870405,182.00000000,182.85714286,Low arrivals
12,adaptive,0.80000000,0.58223214,1085,120,165,1040,0,44151.98030570,33378.89711111,21896.80106436,4953.00000000,617.14285714,164.57142857,-7310.81033246,182.75000000,182.85714286,Low arrivals
13,adaptive,0.80000000,0.59856473,1040,118,171,987,4,44587.99326667,33708.52290960,19494.81384530,4953.00000000,617.14285714,164.57142857,-10042.42335002,182.25000000,182.85714286,Low arrivals
14,adaptive,0.80000000,0.61367238,987,140,166,961,1,57690.98085176,43614.38152393,17664.23024643,4953.00000000,617.14285714,164.57142857,-21778.86556322,182.50000000,182.85714286,Low arrivals
15,adaptive,0.80000000,0.62764695,961,122,167,916,1,46412.21217973,35087.63240788,26528.42520403,4953.00000000,617.14285714,164.57142857,-4387.92148957,182.00000000,182.85714286,Low arrivals
16,adaptive,0.80000000,0.64057343,916,142,167,891,2,50802.97678514,38407.05044957,25708.59895456,4953.00000000,617.14285714,164.57142857,-8527.16578072,182.50000000,182.85714286,Low arrivals
17,adaptive,0.80000000,0.65253042,891,145,170,866,2,56974.47131019,43072.70031051,19544.23575481,4953.00000000,617.14285714,164.57142857,-19357.17884141,182.75000000,182.85714286,Low arrivals
18,adaptive,0.80000000,0.66359064,866,128,171,823,3,41946.31380514,31711.41323669,23089.91474265,4953.00000000,617.14285714,164.57142857,-4450.21277975,182.50000000,182.85714286,Low arrivals
19,adaptive,0.80000000,0.67382134,823,142,170,795,3,59066.53362149,44654.29941785,22830.02367960,4953.00000000,617.14285714,164.57142857,-17652.99002396,182.25000000,182.85714286,Low arrivals
20,adaptive,0.20000000,0.63828474,795,167,168,794,2,66659.14952475,57593.50518938,24177.37405977,5103.42857143,154.28571429,164.57142857,-28631.55970104,182.75000000,182.85714286,Low arrivals
21,adaptive,0.20000000,0.60541339,794,175,168,801,2,64448.95193146,55683.89446878,23755.68290936,5103.42857143,154.28571429,164.57142857,-27143.64013084,182.25000000,182.85714286,Low arrivals
22,adaptive,0.20000000,0.57500738,801,171,168,804,2,65352.15903839,56464.26540917,19279.60089695,5103.42857143,154.28571429,164.57142857,-32400.09308365,182.25000000,182.85714286,Low arrivals
23,adaptive,0.20000000,0.54688183,804,154,165,793,0,59121.17414533,51080.69446157,21752.58327396,5103.42857143,154.28571429,164.57142857,-24543.53975903,182.00000000,182.85714286,Low arrivals
24,adaptive,0.20000000,0.52086569,793,173,167,799,1,65847.64649765,56892.36657397,25772.70997029,5103.42857143,154.28571429,164.57142857,-26335.08517511,182.50000000,182.85714286,Low arrivals
25,adaptive,0.20000000,0.49680076,799,182,169,812,2,64213.91991414,55480.82680582,21664.13333576,5103.42857143,154.28571429,164.57142857,-29032.12204149,182.00000000,182.85714286,Low arrivals
26,adaptive,0.20000000,0.47454071,812,170,168,814,2,59606.92651971,51500.38451303,26474.24354650,5103.42857143,154.28571429,164.57142857,-20241.56953795,182.50000000,182.85714286,Low arrivals
27,adaptive,0.20000000,0.45395015,814,171,169,816,1,64038.10129405,55328.91951806,26745.96716398,5103.42857143,154.28571429,164.57142857,-23798.38092551,182.25000000,182.85714286,Low arrivals
28,adaptive,0.20000000,0.43490389,816,91,169,738,2,34543.39971394,29845.49735284,26039.67904669,5103.42857143,154.28571429,164.57142857,978.75312242,182.75000000,182.85714286,Low arrivals
29,adaptive,0.20000000,0.41728610,738,94,169,663,1,33911.59724114,29299.62001635,26051.92874768,5103.42857143,154.28571429,164.57142857,1536.88015991,182.25000000,182.85714286,Low arrivals
30,adaptive,0.20000000,0.40098964,663,102,166,599,3,42265.02562463,36516.98213968,22623.01046473,5103.42857143,154.28571429,164.57142857,-9109.40024639,182.75000000,182.85714286,Low arrivals
31,adaptive,0.20000000,0.38591542,599,103,166,536,2,40528.89677976,35016.96681771,20583.77428796,5103.42857143,154.28571429,164.57142857,-9648.62110118,182.75000000,182.85714286,Low arrivals
32,adaptive,0.20000000,0.37197176,536,91,172,455,3,30067.32402188,25978.16795490,22206.45036271,5103.42857143,154.28571429,164.57142857,1012.85383638,182.50000000,182.85714286,Low arrivals
33,adaptive,0.20000000,0.35907388,455,107,167,395,2,41624.57359649,35963.63158736,24724.91669379,5103.42857143,154.28571429,164.57142857,-6454.14346501,182.00000000,182.85714286,Low arrivals
34,adaptive,0.20000000,0.34714334,395,107,171,331,4,36551.14349109,31580.18797630,23886.60285357,5103.42857143,154.28571429,164.57142857,-2909.01369417,182.50000000,182.85714286,Low arrivals
35,adaptive,0.20000000,0.33610759,331,101,133,299,1,36660.01837854,31674.25587905,17785.14187204,5103.42857143,154.28571429,164.57142857,-9104.54257844,143.00000000,182.85714286,Low arrivals
36,adaptive,0.20000000,0.32589952,299,107,111,295,1,40590.03484743,35069.79010818,15078.95237739,5103.42857143,154.28571429,164.57142857,-15206.26630222,121.00000000,182.85714286,Low arrivals
37,adaptive,0.20000000,0.31645706,295,113,109,299,1,47601.57456768,41127.76042647,15288.38090139,5103.42857143,154.28571429,164.57142857,-21054.80809652,117.00000000,182.85714286,Low arrivals
38,adaptive,0.20000000,0.30772278,299,92,116,275,3,37691.66977405,32565.60268478,15742.32710788,5103.42857143,154.28571429,164.57142857,-12038.70414833,124.50000000,182.85714286,Low arrivals
39,adaptive,0.20000000,0.29964357,275,103,92,286,4,38637.06530872,33382.42442673,11059.01067655,5103.42857143,154.28571429,164.57142857,-17538.84232161,96.00000000,182.85714286,Low arrivals
40,adaptive,0.20000000,0.29217030,286,98,117,267,7,43397.09907466,37495.09360050,16801.53244614,5103.42857143,154.28571429,164.57142857,-15908.98972579,122.50000000,182.85714286,Low arrivals
41,adaptive,0.20000000,0.28525753,267,103,106,264,2,40354.70986733,34866.46932537,18151.45302922,5103.42857143,154.28571429,164.57142857,-11930.44486758,116.25000000,182.85714286,Low arrivals
42,adaptive,0.20000000,0.27886321,264,98,97,265,1,39248.31596994,33910.54499803,13036.98232092,5103.42857143,154.28571429,164.57142857,-16088.99124853,105.75000000,182.85714286,Low arrivals
43,adaptive,0.20000000,0.27294847,265,113,106,272,2,43345.39592339,37450.42207780,17650.57412880,5103.42857143,154.28571429,164.57142857,-15015.27652044,115.00000000,182.85714286,Low arrivals
44,adaptive,0.20000000,0.26747734,272,89,106,255,1,37651.19873015,32530.63570285,16241.33057356,5103.42857143,154.28571429,164.57142857,-11504.73370072,113.00000000,182.85714286,Low arrivals
45,adaptive,0.20000000,0.26241654,255,93,78,270,0,35760.62775326,30897.18237882,15103.90526841,5103.42857143,154.28571429,164.57142857,-11008.70568184,86.25000000,182.85714286,Low arrivals
46,adaptive,0.20000000,0.25773530,270,85,86,269,2,32245.76359725,27860.33974802,17173.60953081,5103.42857143,154.28571429,164.57142857,-5902.15878864,90.75000000,182.85714286,Low arrivals
47,adaptive,0.20000000,0.25340515,269,85,92,262,2,34164.93525293,29518.50405853,13909.06644511,5103.42857143,154.28571429,164.57142857,-10824.86618485,100.00000000,182.85714286,Low arrivals
48,adaptive,0.20000000,0.24939976,262,96,88,270,2,36134.35094881,31220.07921977,14825.61311638,5103.42857143,154.28571429,164.57142857,-11609.89467482,95.00000000,182.85714286,Low arrivals
49,adaptive,0.20000000,0.24569478,270,107,94,283,3,43307.23545689,37417.45143476,18811.90827598,5103.42857143,154.28571429,164.57142857,-13820.97173020,102.75000000,182.85714286,Low arrivals
50,adaptive,0.20000000,0.24226767,283,90,108,265,1,31878.37401915,27542.91515254,15052.84284065,5103.42857143,154.28571429,164.57142857,-7705.50088332,117.25000000,182.85714286,Low arrivals
51,adaptive,0.20000000,0.23909760,265,79,88,256,0,31976.55851067,27627.74655322,12984.67907941,5103.42857143,154.28571429,164.57142857,-9858.49604524,96.00000000,182.85714286,Low arrivals
52,adaptive,0.20000000,0.23616528,256,95,84,267,1,35720.50397251,30862.51543224,13775.74645887,5103.42857143,154.28571429,164.57142857,-12302.19754480,93.50000000,182.85714286,Low arrivals
53,adaptive,0.20000000,0.23345288,267,94,89,272,1,37862.16089015,32712.90700909,15254.51132343,5103.42857143,154.28571429,164.57142857,-12673.82425709,98.00000000,182.85714286,Low arrivals
54,adaptive,0.20000000,0.23094392,272,106,97,281,4,38969.52922020,33669.67324625,13202.30737046,5103.42857143,154.28571429,164.57142857,-15682.79444722,103.50000000,182.85714286,Low arrivals
55,adaptive,0.20000000,0.22862312,281,104,125,260,1,41778.92761437,36096.99345882,17246.67171563,5103.42857143,154.28571429,164.57142857,-14065.75031461,138.75000000,182.85714286,Low arrivals
56,adaptive,0.20000000,0.22647639,260,150,100,310,1,58536.98458136,50575.95467830,15095.10156181,5103.42857143,154.28571429,164.57142857,-30696.28168792,108.25000000,182.85714286,Low arrivals
57,adaptive,0.20000000,0.22449066,310,147,123,334,2,50475.97601302,43611.24327525,16979.63220627,5103.42857143,154.28571429,164.57142857,-21847.03964040,131.25000000,182.85714286,Low arrivals
58,adaptive,0.20000000,0.22265386,334,152,130,356,3,57656.33683361,49815.07502424,22152.69383128,5103.42857143,154.28571429,164.57142857,-22877.80976439,136.25000000,182.85714286,Low arrivals
59,adaptive,0.20000000,0.22095482,356,172,138,390,1,62762.25751167,54226.59049009,21023.24775652,5103.42857143,154.28571429,164.57142857,-28418.77130499,147.50000000,182.85714286,Low arrivals
60,adaptive,0.20000000,0.21938321,390,170,144,416,1,67436.58757077,58265.21166114,26395.91916622,5103.42857143,154.28571429,164.57142857,-27084.72106635,153.75000000,182.85714286,Low arrivals
61,adaptive,0.20000000,0.21792947,416,136,148,404,1,55202.63041839,47695.07268149,20426.05023290,5103.42857143,154.28571429,164.57142857,-22484.45102002,159.00000000,182.85714286,Low arrivals
62,adaptive,0.20000000,0.21658476,404,135,131,408,0,53188.48963644,45954.85504588,20775.41354714,5103.42857143,154.28571429,164.57142857,-20394.87007017,143.25000000,182.85714286,Low arrivals
63,adaptive,0.20000000,0.21534090,408,142,139,411,0,53302.16989561,46053.07478981,25835.93926343,5103.42857143,154.28571429,164.57142857,-15432.56409780,154.50000000,182.85714286,Low arrivals
64,adaptive,0.20000000,0.21419033,411,129,143,397,3,46977.30294727,40588.38974644,19428.73882198,5103.42857143,154.28571429,164.57142857,-16375.07949589,154.75000000,182.85714286,Low arrivals
65,adaptive,0.20000000,0.21312606,397,169,132,434,1,67676.24486211,58472.27556086,18048.22396036,5103.42857143,154.28571429,164.57142857,-35639.48017193,144.50000000,182.85714286,Low arrivals
66,adaptive,0.20000000,0.21214160,434,135,157,412,3,51832.76576866,44783.50962412,23360.02723051,5103.42857143,154.28571429,164.57142857,-16638.91096505,168.50000000,182.85714286,Low arrivals
67,adaptive,0.20000000,0.21123098,412,139,131,420,2,53379.85148906,46120.19168655,18808.58828862,5103.42857143,154.28571429,164.57142857,-22527.03196936,144.00000000,182.85714286,Low arrivals
68,adaptive,0.20000000,0.21038866,420,145,151,414,2,53096.66517536,45875.51871151,23126.12225887,5103.42857143,154.28571429,164.57142857,-17964.82502407,167.25000000,182.85714286,Low arrivals
69,adaptive,0.20000000,0.20960951,414,141,125,430,1,55488.31340325,47941.90278041,16909.15133932,5103.42857143,154.28571429,164.57142857,-26248.18001252,136.25000000,182.85714286,Low arrivals
70,adaptive,0.20000000,0.20888880,430,147,137,440,4,58028.52426398,50136.64496408,20612.31526175,5103.42857143,154.28571429,164.57142857,-24739.75827376,146.25000000,182.85714286,Low arrivals
71,adaptive,0.20000000,0.20822214,440,131,144,427,5,53236.60678283,45996.42826036,20861.53209764,5103.42857143,154.28571429,164.57142857,-20350.32473415,153.50000000,182.85714286,Low arrivals
72,adaptive,0.20000000,0.20760548,427,136,136,427,4,54179.48864710,46811.07819110,19987.14350796,5103.42857143,154.28571429,164.57142857,-22039.36325457,146.25000000,182.85714286,Low arrivals
73,adaptive,0.20000000,0.20703507,427,137,140,424,5,50262.49092892,43426.79216259,22471.12964852,5103.42857143,154.28571429,164.57142857,-16171.09108549,149.50000000,182.85714286,Low arrivals
74,adaptive,0.20000000,0.20650744,424,142,127,439,4,55199.57808342,47692.43546407,18627.86803621,5103.42857143,154.28571429,164.57142857,-24279.99599930,137.00000000,182.85714286,Low arrivals
75,adaptive,0.20000000,0.20601938,439,129,138,430,3,50170.49656121,43347.30902889,21657.31620271,5103.42857143,154.28571429,164.57142857,-16905.42139761,147.75000000,182.85714286,Low arrivals
76,adaptive,0.20000000,0.20556793,430,146,155,421,5,51417.06572719,44424.34478829,20109.68120464,5103.42857143,154.28571429,164.57142857,-19530.09215508,168.00000000,182.85714286,Low arrivals
77,adaptive,0.20000000,0.20515033,421,148,164,405,3,52877.23958088,45685.93499788,27882.62322775,5103.42857143,154.28571429,164.57142857,-13018.74034155,177.25000000,182.85714286,Low arrivals
78,adaptive,0.20000000,0.20476406,405,124,151,378,4,52363.60008008,45242.15046919,18964.77277331,5103.42857143,154.28571429,164.57142857,-21492.80626731,164.00000000,182.85714286,Low arrivals
79,adaptive,0.20000000,0.20440675,378,155,118,415,3,63244.13296380,54642.93088072,20234.48786698,5103.42857143,154.28571429,164.57142857,-29623.87158516,125.75000000,182.85714286,Low arrivals
80,adaptive,0.20000000,0.20407625,415,144,140,419,1,55991.48452998,48376.64263390,23080.60987876,5103.42857143,154.28571429,164.57142857,-20511.46132657,152.00000000,182.85714286,Low arrivals
81,adaptive,0.20000000,0.20377053,419,130,154,395,4,46251.06991576,39960.92440722,26365.72792615,5103.42857143,154.28571429,164.57142857,-8810.62505250,166.25000000,182.85714286,Low arrivals
82,adaptive,0.20000000,0.20348774,395,162,142,415,3,60852.13054699,52576.24079260,22898.30949333,5103.42857143,154.28571429,164.57142857,-24893.35987070,155.50000000,182.85714286,Low arrivals
83,adaptive,0.20000000,0.20322616,415,127,157,385,6,48875.31650723,42228.27346225,23812.21753678,5103.42857143,154.28571429,164.57142857,-13631.48449689,165.50000000,182.85714286,Low arrivals
0,delayed,0.80000000,0.24500000,1870,87,182,1775,0,34123.80347733,25797.59542886,32097.05336851,4953.00000000,617.14285714,164.57142857,10470.74365394,182.00000000,182.85714286,Low arrivals
1,delayed,0.80000000,0.28662500,1775,105,182,1698,0,48746.72002382,36852.52033801,30311.76853301,4953.00000000,617.14285714,164.57142857,-2369.46609071,182.00000000,182.85714286,Low arrivals
2,delayed,0.80000000,0.32512812,1698,105,182,1621,0,37137.84489552,28076.21074102,29603.98023773,4953.00000000,617.14285714,164.57142857,5699.05521100,182.00000000,182.85714286,Low arrivals
3,delayed,0.80000000,0.36074352,1621,112,182,1551,0,43457.29715519,32853.71664932,28663.07688617,4953.00000000,617.14285714,164.57142857,-19.35404887,182.00000000,182.85714286,Low arrivals
4,delayed,0.80000000,0.39368775,1551,93,182,1462,0,33321.66466886,25191.17848966,29401.42103351,4953.00000000,617.14285714,164.57142857,8381.52825814,182.00000000,182.85714286,Low arrivals
5,delayed,0.80000000,0.42416117,1462,92,182,1372,0,35349.12810506,26723.94084743,30029.20415348,4953.00000000,617.14285714,164.57142857,7476.54902034,182.00000000,182.85714286,Low arrivals
6,delayed,0.80000000,0.45234908,1372,121,182,1311,0,44322.97874413,33508.17193056,28164.84890623,4953.00000000,617.14285714,164.57142857,-1172.03731005,182.00000000,182.85714286,Low arrivals
7,delayed,0.80000000,0.47842290,1311,144,182,1273,0,54478.68650646,41185.88699889,34660.77348708,4953.00000000,617.14285714,164.57142857,-2353.82779752,182.00000000,182.85714286,Low arrivals
8,delayed,0.80000000,0.50254118,1273,127,182,1218,0,51548.56707704,38970.71671024,29844.71101503,4953.00000000,617.14285714,164.57142857,-4954.71998093,182.00000000,182.85714286,Low arrivals
9,delayed,0.80000000,0.52485060,1218,123,182,1159,0,54001.00097223,40824.75673500,34571.79514437,4953.00000000,617.14285714,164.57142857,-2081.67587634,182.00000000,182.85714286,Low arrivals
10,delayed,0.80000000,0.54548680,1159,117,168,1108,0,41598.26041095,31448.28487068,26946.27009147,4953.00000000,617.14285714,164.57142857,-330.72906493,182.50000000,182.85714286,Low arrivals
11,delayed,0.80000000,0.56457529,1108,143,166,1085,0,53979.31975800,40808.36573705,24432.30131871,4953.00000000,617.14285714,164.57142857,-12204.77870405,182.00000000,182.85714286,Low arrivals
12,delayed,0.80000000,0.58223214,1085,120,165,1040,0,44151.98030570,33378.89711111,21896.80106436,4953.00000000,617.14285714,164.57142857,-7310.81033246,182.75000000,182.85714286,Low arrivals
13,delayed,0.80000000,0.59856473,1040,118,171,987,4,44587.99326667,33708.52290960,19494.81384530,4953.00000000,617.14285714,164.57142857,-10042.42335002,182.25000000,182.85714286,Low arrivals
14,delayed,0.80000000,0.61367238,987,140,166,961,1,57690.98085176,43614.38152393,17664.23024643,4953.00000000,617.14285714,164.57142857,-21778.86556322,182.50000000,182.85714286,Low arrivals
15,delayed,0.80000000,0.62764695,961,122,167,916,1,46412.21217973,35087.63240788,26528.42520403,4953.00000000,617.14285714,164.57142857,-4387.92148957,182.00000000,182.85714286,Low arrivals
16,delayed,0.80000000,0.64057343,916,142,167,891,2,50802.97678514,38407.05044957,25708.59895456,4953.00000000,617.14285714,164.57142857,-8527.16578072,182.50000000,182.85714286,Low arrivals
17,delayed,0.80000000,0.65253042,891,145,170,866,2,56974.47131019,43072.70031051,19544.23575481,4953.00000000,617.14285714,164.57142857,-19357.17884141,182.75000000,182.85714286,Low arrivals
18,delayed,0.80000000,0.66359064,866,128,171,823,3,41946.31380514,31711.41323669,23089.91474265,4953.00000000,617.14285714,164.57142857,-4450.21277975,182.50000000,182.85714286,Low arrivals
19,delayed,0.80000000,0.67382134,823,142,170,795,3,59066.53362149,44654.29941785,22830.02367960,4953.00000000,617.14285714,164.57142857,-17652.99002396,182.25000000,182.85714286,Low arrivals
20,delayed,0.80000000,0.68328474,795,125,168,752,2,50548.61111159,38214.75000036,24177.37405977,4953.00000000,617.14285714,164.57142857,-9866.09022631,182.75000000,182.85714286,Low arrivals
21,delayed,0.80000000,0.69203839,752,131,168,715,2,46663.58142987,35277.66756098,23755.68290936,4953.00000000,617.14285714,164.57142857,-7350.69893734,182.25000000,182.85714286,Low arrivals
22,delayed,0.80000000,0.70013551,715,139,168,686,2,53931.73953358,40772.39508738,19279.60089695,4953.00000000,617.14285714,164.57142857,-17321.50847615,182.25000000,182.85714286,Low arrivals
23,delayed,0.80000000,0.70762534,686,116,165,637,0,43483.50925467,32873.53299653,21752.58327396,4953.00000000,617.14285714,164.57142857,-6949.66400828,182.00000000,182.85714286,Low arrivals
24,delayed,0.80000000,0.71455344,637,138,168,607,1,51013.06020712,38565.87351658,23649.89604032,4953.00000000,617.14285714,164.57142857,-10744.69176198,182.50000000,182.85714286,Low arrivals
25,delayed,0.80000000,0.72096193,607,147,171,583,2,52875.69619520,39974.02632357,20741.23811029,4953.00000000,617.14285714,164.57142857,-15061.50249899,182.75000000,182.85714286,Low arrivals
26,delayed,0.80000000,0.72688979,583,139,170,552,2,50534.90055546,38204.38481992,24825.46062309,4953.00000000,617.14285714,164.57142857,-9207.63848255,182.50000000,182.85714286,Low arrivals
27,delayed,0.20000000,0.68737306,552,176,170,558,1,65577.56590235,56659.01693963,21888.49655264,5103.42857143,154.28571429,164.57142857,-29985.94895843,182.50000000,182.85714286,Low arrivals
28,delayed,0.20000000,0.65082008,558,91,169,480,2,34543.39971394,29845.49735284,23928.90360696,5103.42857143,154.28571429,164.57142857,-1132.02231731,182.00000000,182.85714286,Low arrivals
29,delayed,0.20000000,0.61700857,480,97,170,407,1,34769.12598771,30040.52485338,23229.86666486,5103.42857143,154.28571429,164.57142857,-2026.08675996,182.50000000,182.85714286,Low arrivals
30,delayed,0.20000000,0.58573293,407,102,170,339,3,42265.02562463,36516.98213968,18678.40558630,5103.42857143,154.28571429,164.57142857,-13054.00512481,182.25000000,182.85714286,Low arrivals
31,delayed,0.20000000,0.55680296,339,103,124,318,2,40528.89677976,35016.96681771,13721.12163584,5103.42857143,154.28571429,164.57142857,-16511.27375330,135.00000000,182.85714286,Low arrivals
32,delayed,0.20000000,0.53004274,318,92,115,295,3,30442.98998713,26302.74334888,16358.86232350,5103.42857143,154.28571429,164.57142857,-5159.30959681,125.25000000,182.85714286,Low arrivals
33,delayed,0.20000000,0.50528953,295,107,97,305,2,41624.57359649,35963.63158736,14634.42174948,5103.42857143,154.28571429,164.57142857,-16544.63840931,106.75000000,182.85714286,Low arrivals
34,delayed,0.20000000,0.48239282,305,107,114,298,3,36551.14349109,31580.18797630,15686.55560245,5103.42857143,154.28571429,164.57142857,-11109.06094529,124.00000000,182.85714286,Low arrivals
35,delayed,0.20000000,0.46121335,298,102,103,297,1,37062.73275443,32022.20109983,12410.27642745,5103.42857143,154.28571429,164.57142857,-14827.35324381,112.25000000,182.85714286,Low arrivals
36,delayed,0.20000000,0.44162235,297,109,108,298,0,41768.28853796,36087.80129680,14641.45418110,5103.42857143,154.28571429,164.57142857,-16661.77568712,118.50000000,182.85714286,Low arrivals
37,delayed,0.20000000,0.42350068,298,113,111,300,1,47601.57456768,41127.76042647,15576.86630878,5103.42857143,154.28571429,164.57142857,-20766.32268912,119.00000000,182.85714286,Low arrivals
38,delayed,0.20000000,0.40673813,300,92,117,275,3,37691.66977405,32565.60268478,16038.08054554,5103.42857143,154.28571429,164.57142857,-11742.95071067,125.75000000,182.85714286,Low arrivals
39,delayed,0.20000000,0.39123277,275,104,92,287,4,38846.22329422,33563.13692621,11059.01067655,5103.42857143,154.28571429,164.57142857,-17719.55482109,96.00000000,182.85714286,Low arrivals
40,delayed,0.20000000,0.37689031,287,98,117,268,7,43397.09907466,37495.09360050,16801.53244614,5103.42857143,154.28571429,164.57142857,-15908.98972579,122.50000000,182.85714286,Low arrivals
41,delayed,0.20000000,0.36362354,268,105,106,267,2,41216.34186465,35610.91937106,18151.45302922,5103.42857143,154.28571429,164.57142857,-12674.89491326,116.25000000,182.85714286,Low arrivals
42,delayed,0.20000000,0.35135177,267,99,98,268,1,39631.99188641,34242.04098986,13334.61407314,5103.42857143,154.28571429,164.57142857,-16122.85548815,106.75000000,182.85714286,Low arrivals
43,delayed,0.20000000,0.34000039,268,113,109,272,2,43345.39592339,37450.42207780,17932.34572185,5103.42857143,154.28571429,164.57142857,-14733.50492738,118.50000000,182.85714286,Low arrivals
44,delayed,0.20000000,0.32950036,272,90,106,256,1,37947.43130118,32786.58064422,16241.33057356,5103.42857143,154.28571429,164.57142857,-11760.67864209,113.00000000,182.85714286,Low arrivals
45,delayed,0.20000000,0.31978783,256,93,79,270,0,35760.62775326,30897.18237882,15103.90526841,5103.42857143,154.28571429,164.57142857,-11008.70568184,87.25000000,182.85714286,Low arrivals
46,delayed,0.20000000,0.31080374,270,85,86,269,2,32245.76359725,27860.33974802,17173.60953081,5103.42857143,154.28571429,164.57142857,-5902.15878864,90.75000000,182.85714286,Low arrivals
47,delayed,0.20000000,0.30249346,269,86,92,263,2,34393.45825746,29715.94793445,13909.06644511,5103.42857143,154.28571429,164.57142857,-11022.31006076,100.00000000,182.85714286,Low arrivals
48,delayed,0.20000000,0.29480645,263,97,89,271,2,37156.40926722,32103.13760688,14825.61311638,5103.42857143,154.28571429,164.57142857,-12492.95306193,96.00000000,182.85714286,Low arrivals
49,delayed,0.20000000,0.28769597,271,107,95,283,3,43307.23545689,37417.45143476,19562.50790503,5103.42857143,154.28571429,164.57142857,-13070.37210116,103.75000000,182.85714286,Low arrivals
50,delayed,0.20000000,0.28111877,283,90,108,265,1,31878.37401915,27542.91515254,15052.84284065,5103.42857143,154.28571429,164.57142857,-7705.50088332,117.25000000,182.85714286,Low arrivals
51,delayed,0.20000000,0.27503486,265,79,88,256,0,31976.55851067,27627.74655322,12984.67907941,5103.42857143,154.28571429,164.57142857,-9858.49604524,96.00000000,182.85714286,Low arrivals
52,delayed,0.20000000,0.26940725,256,95,84,267,1,35720.50397251,30862.51543224,13775.74645887,5103.42857143,154.28571429,164.57142857,-12302.19754480,93.50000000,182.85714286,Low arrivals
53,delayed,0.20000000,0.26420171,267,94,89,272,1,37862.16089015,32712.90700909,15254.51132343,5103.42857143,154.28571429,164.57142857,-12673.82425709,98.00000000,182.85714286,Low arrivals
54,delayed,0.20000000,0.25938658,272,106,97,281,4,38969.52922020,33669.67324625,13202.30737046,5103.42857143,154.28571429,164.57142857,-15682.79444722,103.50000000,182.85714286,Low arrivals
55,delayed,0.20000000,0.25493258,281,104,125,260,1,41778.92761437,36096.99345882,17246.67171563,5103.42857143,154.28571429,164.57142857,-14065.75031461,138.75000000,182.85714286,Low arrivals
56,delayed,0.20000000,0.25081264,260,150,100,310,1,58536.98458136,50575.95467830,15095.10156181,5103.42857143,154.28571429,164.57142857,-30696.28168792,108.25000000,182.85714286,Low arrivals
57,delayed,0.20000000,0.24700169,310,148,123,335,2,50912.80054683,43988.65967246,16979.63220627,5103.42857143,154.28571429,164.57142857,-22224.45603761,131.25000000,182.85714286,Low arrivals
58,delayed,0.20000000,0.24347657,335,152,131,356,3,57656.33683361,49815.07502424,22473.49776891,5103.42857143,154.28571429,164.57142857,-22557.00582676,137.25000000,182.85714286,Low arrivals
59,delayed,0.20000000,0.24021582,356,172,138,390,1,62762.25751167,54226.59049009,21023.24775652,5103.42857143,154.28571429,164.57142857,-28418.77130499,147.50000000,182.85714286,Low arrivals
60,delayed,0.20000000,0.23719964,390,170,144,416,1,67436.58757077,58265.21166114,26395.91916622,5103.42857143,154.28571429,164.57142857,-27084.72106635,153.75000000,182.85714286,Low arrivals
61,delayed,0.20000000,0.23440966,416,137,148,405,1,55430.34752836,47891.82026450,20426.05023290,5103.42857143,154.28571429,164.57142857,-22681.19860303,159.00000000,182.85714286,Low arrivals
62,delayed,0.20000000,0.23182894,405,135,132,408,0,53188.48963644,45954.85504588,20775.41354714,5103.42857143,154.28571429,164.57142857,-20394.87007017,144.25000000,182.85714286,Low arrivals
63,delayed,0.20000000,0.22944177,408,142,139,411,0,53302.16989561,46053.07478981,25835.93926343,5103.42857143,154.28571429,164.57142857,-15432.56409780,154.50000000,182.85714286,Low arrivals
64,delayed,0.20000000,0.22723364,411,129,143,397,3,46977.30294727,40588.38974644,19428.73882198,5103.42857143,154.28571429,164.57142857,-16375.07949589,154.75000000,182.85714286,Low arrivals
65,delayed,0.20000000,0.22519111,397,169,132,434,1,67676.24486211,58472.27556086,18048.22396036,5103.42857143,154.28571429,164.57142857,-35639.48017193,144.50000000,182.85714286,Low arrivals
66,delayed,0.20000000,0.22330178,434,135,157,412,3,51832.76576866,44783.50962412,23360.02723051,5103.42857143,154.28571429,164.57142857,-16638.91096505,168.50000000,182.85714286,Low arrivals
67,delayed,0.20000000,0.22155415,412,139,131,420,2,53379.85148906,46120.19168655,18808.58828862,5103.42857143,154.28571429,164.57142857,-22527.03196936,144.00000000,182.85714286,Low arrivals
68,delayed,0.20000000,0.21993759,420,145,151,414,2,53096.66517536,45875.51871151,23126.12225887,5103.42857143,154.28571429,164.57142857,-17964.82502407,167.25000000,182.85714286,Low arrivals
69,delayed,0.20000000,0.21844227,414,141,125,430,1,55488.31340325,47941.90278041,16909.15133932,5103.42857143,154.28571429,164.57142857,-26248.18001252,136.25000000,182.85714286,Low arrivals
70,delayed,0.20000000,0.21705910,430,147,137,440,4,58028.52426398,50136.64496408,20612.31526175,5103.42857143,154.28571429,164.57142857,-24739.75827376,146.25000000,182.85714286,Low arrivals
71,delayed,0.20000000,0.21577966,440,131,144,427,5,53236.60678283,45996.42826036,20861.53209764,5103.42857143,154.28571429,164.57142857,-20350.32473415,153.50000000,182.85714286,Low arrivals
72,delayed,0.20000000,0.21459619,427,137,136,428,4,54496.54809178,47085.01755130,19987.14350796,5103.42857143,154.28571429,164.57142857,-22313.30261477,146.25000000,182.85714286,Low arrivals
73,delayed,0.20000000,0.21350148,428,137,141,424,5,50262.49092892,43426.79216259,22703.97810469,5103.42857143,154.28571429,164.57142857,-15938.24262932,150.50000000,182.85714286,Low arrivals
74,delayed,0.20000000,0.21248886,424,142,127,439,4,55199.57808342,47692.43546407,18627.86803621,5103.42857143,154.28571429,164.57142857,-24279.99599930,137.00000000,182.85714286,Low arrivals
75,delayed,0.20000000,0.21155220,439,129,138,430,3,50170.49656121,43347.30902889,21657.31620271,5103.42857143,154.28571429,164.57142857,-16905.42139761,147.75000000,182.85714286,Low arrivals
76,delayed,0.20000000,0.21068578,430,146,155,421,5,51417.06572719,44424.34478829,20109.68120464,5103.42857143,154.28571429,164.57142857,-19530.09215508,168.00000000,182.85714286,Low arrivals
77,delayed,0.20000000,0.20988435,421,148,164,405,3,52877.23958088,45685.93499788,27882.62322775,5103.42857143,154.28571429,164.57142857,-13018.74034155,177.25000000,182.85714286,Low arrivals
78,delayed,0.20000000,0.20914302,405,124,151,378,4,52363.60008008,45242.15046919,18964.77277331,5103.42857143,154.28571429,164.57142857,-21492.80626731,164.00000000,182.85714286,Low arrivals
79,delayed,0.20000000,0.20845730,378,155,118,415,3,63244.13296380,54642.93088072,20234.48786698,5103.42857143,154.28571429,164.57142857,-29623.87158516,125.75000000,182.85714286,Low arrivals
80,delayed,0.20000000,0.20782300,415,144,140,419,1,55991.48452998,48376.64263390,23080.60987876,5103.42857143,154.28571429,164.57142857,-20511.46132657,152.00000000,182.85714286,Low arrivals
81,delayed,0.20000000,0.20723628,419,130,154,395,4,46251.06991576,39960.92440722,26365.72792615,5103.42857143,154.28571429,164.57142857,-8810.62505250,166.25000000,182.85714286,Low arrivals
82,delayed,0.20000000,0.20669355,395,162,142,415,3,60852.13054699,52576.24079260,22898.30949333,5103.42857143,154.28571429,164.57142857,-24893.35987070,155.50000000,182.85714286,Low arrivals
83,delayed,0.20000000,0.20619154,415,127,157,385,6,48875.31650723,42228.27346225,23812.21753678,5103.42857143,154.28571429,164.57142857,-13631.48449689,165.50000000,182.85714286,Low arrivals
0,fixed_0.2,0.20000000,0.20000000,1870,215,182,1903,0,84720.00650063,73198.08561654,32097.05336851,510342.85714286,154.28571429,164.57142857,468922.96775197,182.00000000,182.85714286,High friction cost
1,fixed_0.2,0.20000000,0.20000000,1903,259,182,1980,0,110185.03662173,95199.87164117,30311.76853301,510342.85714286,154.28571429,164.57142857,445135.89689184,182.00000000,182.85714286,High friction cost
2,fixed_0.2,0.20000000,0.20000000,1980,251,182,2049,0,94958.26788202,82043.94345007,29603.98023773,510342.85714286,154.28571429,164.57142857,457584.03678766,182.00000000,182.85714286,High friction cost
3,fixed_0.2,0.20000000,0.20000000,2049,234,182,2101,0,90184.20033855,77919.14909251,28663.07688617,510342.85714286,154.28571429,164.57142857,460767.92779366,182.00000000,182.85714286,High friction cost
4,fixed_0.2,0.20000000,0.20000000,2101,230,182,2149,0,90943.73194242,78575.38439825,29401.42103351,510342.85714286,154.28571429,164.57142857,460850.03663526,182.00000000,182.85714286,High friction cost
5,fixed_0.2,0.20000000,0.20000000,2149,233,182,2200,0,84837.57976281,73299.66891507,30029.20415348,510342.85714286,154.28571429,164.57142857,466753.53523841,182.00000000,182.85714286,High friction cost
6,fixed_0.2,0.20000000,0.20000000,2200,252,182,2270,0,92056.33557043,79536.67393286,28164.84890623,510342.85714286,154.28571429,164.57142857,458652.17497338,182.00000000,182.85714286,High friction cost
7,fixed_0.2,0.20000000,0.20000000,2270,279,182,2367,0,105522.65469037,91171.57365248,34660.77348708,510342.85714286,154.28571429,164.57142857,453513.19983461,182.00000000,182.85714286,High friction cost
8,fixed_0.2,0.20000000,0.20000000,2367,274,182,2459,0,110449.43083484,95428.30824130,29844.71101503,510342.85714286,154.28571429,164.57142857,444440.40277373,182.00000000,182.85714286,High friction cost
9,fixed_0.2,0.20000000,0.20000000,2459,234,182,2511,0,86497.20452861,74733.58471272,34571.79514437,510342.85714286,154.28571429,164.57142857,469862.21043166,182.00000000,182.85714286,High friction cost
10,fixed_0.2,0.20000000,0.20000000,2511,243,169,2585,0,93140.84975020,80473.69418417,25946.02420771,510342.85714286,154.28571429,164.57142857,455496.33002354,182.25000000,182.85714286,High friction cost
11,fixed_0.2,0.20000000,0.20000000,2585,267,165,2687,0,95296.24812311,82335.95837837,25279.11842068,510342.85714286,154.28571429,164.57142857,452967.16004231,182.50000000,182.85714286,High friction cost
12,fixed_0.2,0.20000000,0.20000000,2687,246,164,2769,0,97626.48988799,84349.28726322,23438.36513375,510342.85714286,154.28571429,164.57142857,449113.07787052,182.00000000,182.85714286,High friction cost
13,fixed_0.2,0.20000000,0.20000000,2769,221,166,2824,2,88739.84258668,76671.22399489,25298.49105914,510342.85714286,154.28571429,164.57142857,458651.26706425,182.50000000,182.85714286,High friction cost
14,fixed_0.2,0.20000000,0.20000000,2824,263,175,2912,6,111802.80685689,96597.62512435,31168.92969122,510342.85714286,154.28571429,164.57142857,444595.30456686,182.50000000,182.85714286,High friction cost
15,fixed_0.2,0.20000000,0.20000000,2912,236,167,2981,3,93023.54584242,80372.34360785,25917.93267703,510342.85714286,154.28571429,164.57142857,455569.58906918,182.25000000,182.85714286,High friction cost
16,fixed_0.2,0.20000000,0.20000000,2981,268,169,3080,5,112318.13537712,97042.86896583,22765.52490588,510342.85714286,154.28571429,164.57142857,435746.65594005,182.25000000,182.85714286,High friction cost
17,fixed_0.2,0.20000000,0.20000000,3080,274,231,3123,64,98495.24511936,85099.89178313,27727.12297162,510342.85714286,154.28571429,164.57142857,452651.23118849,182.50000000,182.85714286,High friction cost
18,fixed_0.2,0.20000000,0.20000000,3123,240,233,3130,66,92115.83934172,79588.08519125,24896.13997131,510342.85714286,154.28571429,164.57142857,455332.05478006,182.50000000,182.85714286,High friction cost
19,fixed_0.2,0.20000000,0.20000000,3130,254,251,3133,85,103505.79435805,89429.00632535,27926.56104465,510342.85714286,154.28571429,164.57142857,448521.55471929,182.25000000,182.85714286,High friction cost
20,fixed_0.2,0.20000000,0.20000000,3133,244,280,3097,113,93140.72679792,80473.58795341,25366.57888878,510342.85714286,154.28571429,164.57142857,454916.99093538,182.75000000,182.85714286,High friction cost
21,fixed_0.2,0.20000000,0.20000000,3097,254,272,3079,107,91409.10109874,78977.46334931,25662.67840015,510342.85714286,154.28571429,164.57142857,456709.21505083,182.50000000,182.85714286,High friction cost
22,fixed_0.2,0.20000000,0.20000000,3079,262,235,3106,69,100150.31882469,86529.87546453,25520.06739970,510342.85714286,154.28571429,164.57142857,449014.19193517,182.75000000,182.85714286,High friction cost
23,fixed_0.2,0.20000000,0.20000000,3106,233,240,3099,77,85992.50977564,74297.52844615,23612.94703483,510342.85714286,154.28571429,164.57142857,459339.41858868,182.00000000,182.85714286,High friction cost
24,fixed_0.2,0.20000000,0.20000000,3099,261,269,3091,104,101785.99086167,87943.09610448,24942.34445103,510342.85714286,154.28571429,164.57142857,447023.24834655,182.25000000,182.85714286,High friction cost
25,fixed_0.2,0.20000000,0.20000000,3091,265,249,3107,81,99588.70104312,86044.63770126,26967.85429154,510342.85714286,154.28571429,164.57142857,450947.21659028,182.75000000,182.85714286,High friction cost
26,fixed_0.2,0.20000000,0.20000000,3107,252,220,3139,53,86403.27530779,74652.42986593,29250.59804509,510342.85714286,154.28571429,164.57142857,464622.16817915,182.75000000,182.85714286,High friction cost
27,fixed_0.2,0.20000000,0.20000000,3139,249,263,3125,96,93463.54219115,80752.50045316,27138.94420751,510342.85714286,154.28571429,164.57142857,456410.44375435,182.75000000,182.85714286,High friction cost
28,fixed_0.2,0.20000000,0.20000000,3125,133,236,3022,69,43133.75552301,37267.56477188,30492.50125594,510342.85714286,154.28571429,164.57142857,503248.93648406,182.75000000,182.85714286,High friction cost
29,fixed_0.2,0.20000000,0.20000000,3022,142,268,2896,101,57753.94244132,49899.40626930,27641.34591251,510342.85714286,154.28571429,164.57142857,487765.93964321,182.50000000,182.85714286,High friction cost
30,fixed_0.2,0.20000000,0.20000000,2896,150,272,2774,107,56857.55580565,49124.92821608,21731.47459287,510342.85714286,154.28571429,164.57142857,482630.54637678,182.50000000,182.85714286,High friction cost
31,fixed_0.2,0.20000000,0.20000000,2774,153,241,2686,75,61563.47461106,53190.84206396,26002.77593194,510342.85714286,154.28571429,164.57142857,482835.93386798,182.75000000,182.85714286,High friction cost
32,fixed_0.2,0.20000000,0.20000000,2686,141,253,2574,88,52377.18124440,45253.88459516,25406.57813677,510342.85714286,154.28571429,164.57142857,490176.69354161,182.25000000,182.85714286,High friction cost
33,fixed_0.2,0.20000000,0.20000000,2574,156,245,2485,79,58156.11412051,50246.88260012,21811.19700534,510342.85714286,154.28571429,164.57142857,481588.31440522,182.75000000,182.85714286,High friction cost
34,fixed_0.2,0.20000000,0.20000000,2485,157,253,2389,88,50439.41392699,43579.65363292,25363.87989489,510342.85714286,154.28571429,164.57142857,491808.22626196,182.25000000,182.85714286,High friction cost
35,fixed_0.2,0.20000000,0.20000000,2389,154,263,2280,97,58069.79668903,50172.30433932,24253.14759453,510342.85714286,154.28571429,164.57142857,484104.84325521,182.00000000,182.85714286,High friction cost
36,fixed_0.2,0.20000000,0.20000000,2280,158,234,2204,67,64967.48097686,56131.90356401,27013.28336064,510342.85714286,154.28571429,164.57142857,480905.37979663,182.00000000,182.85714286,High friction cost
37,fixed_0.2,0.20000000,0.20000000,2204,170,262,2112,94,67594.79646021,58401.90414162,22301.66331429,510342.85714286,154.28571429,164.57142857,473923.75917267,182.75000000,182.85714286,High friction cost
38,fixed_0.2,0.20000000,0.20000000,2112,140,264,1988,97,52774.91367917,45597.52541880,23693.65777613,510342.85714286,154.28571429,164.57142857,488120.13235733,182.25000000,182.85714286,High friction cost
39,fixed_0.2,0.20000000,0.20000000,1988,157,251,1894,85,62370.51388659,53888.12399802,23548.29470843,510342.85714286,154.28571429,164.57142857,479684.17071042,182.75000000,182.85714286,High friction cost
40,fixed_0.2,0.20000000,0.20000000,1894,149,250,1793,83,56425.10644087,48751.29196491,24415.25717658,510342.85714286,154.28571429,164.57142857,485687.96521167,182.25000000,182.85714286,High friction cost
41,fixed_0.2,0.20000000,0.20000000,1793,154,170,1777,5,59200.41827750,51149.16139176,23688.20826581,510342.85714286,154.28571429,164.57142857,482563.04687405,182.50000000,182.85714286,High friction cost
42,fixed_0.2,0.20000000,0.20000000,1777,149,168,1758,2,54811.90745180,47357.48803835,23406.71320806,510342.85714286,154.28571429,164.57142857,486073.22516971,182.00000000,182.85714286,High friction cost
43,fixed_0.2,0.20000000,0.20000000,1758,173,166,1765,3,68832.16486841,59470.99044631,24461.61621879,510342.85714286,154.28571429,164.57142857,475014.62577248,182.00000000,182.85714286,High friction cost
44,fixed_0.2,0.20000000,0.20000000,1765,137,164,1738,0,54064.34990940,46711.59832172,23221.47392759,510342.85714286,154.28571429,164.57142857,486533.87560587,182.50000000,182.85714286,High friction cost
45,fixed_0.2,0.20000000,0.20000000,1738,146,168,1716,2,54174.58613281,46806.84241875,25008.10184796,510342.85714286,154.28571429,164.57142857,488225.25942921,182.25000000,182.85714286,High friction cost
46,fixed_0.2,0.20000000,0.20000000,1716,132,169,1679,4,50412.26383746,43556.19595557,27432.67252733,510342.85714286,154.28571429,164.57142857,493900.47657177,182.50000000,182.85714286,High friction cost
47,fixed_0.2,0.20000000,0.20000000,1679,135,167,1647,0,52173.36325081,45077.78584870,28285.40857223,510342.85714286,154.28571429,164.57142857,493231.62272353,182.75000000,182.85714286,High friction cost
48,fixed_0.2,0.20000000,0.20000000,1647,149,171,1625,5,64823.68234719,56007.66154797,25689.92524885,510342.85714286,154.28571429,164.57142857,479706.26370089,182.00000000,182.85714286,High friction cost
49,fixed_0.2,0.20000000,0.20000000,1625,158,166,1617,2,65981.61012162,57008.11114508,22140.34110671,510342.85714286,154.28571429,164.57142857,475156.22996163,182.75000000,182.85714286,High friction cost
50,fixed_0.2,0.20000000,0.20000000,1617,135,166,1586,1,47362.05713678,40920.81736617,26505.73245860,510342.85714286,154.28571429,164.57142857,495608.91509243,182.00000000,182.85714286,High friction cost
51,fixed_0.2,0.20000000,0.20000000,1586,125,167,1544,1,49444.95750585,42720.44328505,24177.44247378,510342.85714286,154.28571429,164.57142857,491480.99918873,182.25000000,182.85714286,High friction cost
52,fixed_0.2,0.20000000,0.20000000,1544,146,170,1520,4,54241.19177071,46864.38968989,25682.98883840,510342.85714286,154.28571429,164.57142857,488842.59914851,182.00000000,182.85714286,High friction cost
53,fixed_0.2,0.20000000,0.20000000,1520,147,170,1497,4,54291.79300930,46908.10916004,24228.51957358,510342.85714286,154.28571429,164.57142857,487344.41041355,182.00000000,182.85714286,High friction cost
54,fixed_0.2,0.20000000,0.20000000,1497,157,172,1482,5,57108.67500978,49341.89520845,28700.90463759,510342.85714286,154.28571429,164.57142857,489383.00942913,182.25000000,182.85714286,High friction cost
55,fixed_0.2,0.20000000,0.20000000,1482,161,169,1474,3,64685.01115396,55887.84963702,22832.84610160,510342.85714286,154.28571429,164.57142857,476968.99646458,182.75000000,182.85714286,High friction cost
56,fixed_0.2,0.20000000,0.20000000,1474,227,174,1527,6,85008.95228282,73447.73477236,23938.52877445,510342.85714286,154.28571429,164.57142857,460514.79400209,182.75000000,182.85714286,High friction cost
57,fixed_0.2,0.20000000,0.20000000,1527,225,166,1586,2,79439.93446171,68636.10337492,25940.88831576,510342.85714286,154.28571429,164.57142857,467328.78494084,182.75000000,182.85714286,High friction cost
58,fixed_0.2,0.20000000,0.20000000,1586,234,169,1651,3,89369.01005200,77214.82468493,28422.75723537,510342.85714286,154.28571429,164.57142857,461231.93255044,182.25000000,182.85714286,High friction cost
59,fixed_0.2,0.20000000,0.20000000,1651,255,167,1739,2,91890.77558361,79393.63010424,28357.86852800,510342.85714286,154.28571429,164.57142857,458988.23842376,182.50000000,182.85714286,High friction cost
60,fixed_0.2,0.20000000,0.20000000,1739,253,166,1826,2,96228.15343650,83141.12456914,26367.85230719,510342.85714286,154.28571429,164.57142857,453250.72773805,182.00000000,182.85714286,High friction cost
61,fixed_0.2,0.20000000,0.20000000,1826,209,172,1863,4,83058.77077609,71762.77795054,25410.02048480,510342.85714286,154.28571429,164.57142857,463671.24253426,182.75000000,182.85714286,High friction cost
62,fixed_0.2,0.20000000,0.20000000,1863,209,165,1907,3,78575.21883546,67888.98907384,19660.42085454,510342.85714286,154.28571429,164.57142857,461795.43178070,182.75000000,182.85714286,High friction cost
63,fixed_0.2,0.20000000,0.20000000,1907,218,167,1958,2,89873.03632379,77650.30338376,23511.81381981,510342.85714286,154.28571429,164.57142857,455885.51043606,182.50000000,182.85714286,High friction cost
64,fixed_0.2,0.20000000,0.20000000,1958,197,167,1988,2,74705.60345788,64545.64138761,26862.03974781,510342.85714286,154.28571429,164.57142857,472340.39836020,182.75000000,182.85714286,High friction cost
65,fixed_0.2,0.20000000,0.20000000,1988,245,167,2066,2,97666.94024097,84384.23636820,23446.87447712,510342.85714286,154.28571429,164.57142857,449086.63810892,182.25000000,182.85714286,High friction cost
66,fixed_0.2,0.20000000,0.20000000,2066,202,167,2101,3,79386.81583191,68590.20887877,22721.69748370,510342.85714286,154.28571429,164.57142857,464155.48860493,182.50000000,182.85714286,High friction cost
67,fixed_0.2,0.20000000,0.20000000,2101,217,166,2152,3,79322.42150200,68534.57217773,23138.22908132,510342.85714286,154.28571429,164.57142857,464627.65690360,182.25000000,182.85714286,High friction cost
68,fixed_0.2,0.20000000,0.20000000,2152,218,173,2197,6,83680.58087248,72300.02187382,23080.08189131,510342.85714286,154.28571429,164.57142857,460804.06001748,182.50000000,182.85714286,High friction cost
69,fixed_0.2,0.20000000,0.20000000,2197,215,171,2241,5,80541.17279045,69587.57329095,22318.90664487,510342.85714286,154.28571429,164.57142857,462755.33335392,182.75000000,182.85714286,High friction cost
70,fixed_0.2,0.20000000,0.20000000,2241,224,174,2291,9,85772.73714042,74107.64488932,28253.49411571,510342.85714286,154.28571429,164.57142857,464169.84922639,182.50000000,182.85714286,High friction cost
71,fixed_0.2,0.20000000,0.20000000,2291,203,168,2326,3,76114.44717786,65762.88236167,20510.39639821,510342.85714286,154.28571429,164.57142857,464771.51403654,182.00000000,182.85714286,High friction cost
72,fixed_0.2,0.20000000,0.20000000,2326,203,171,2358,7,82623.56253612,71386.75803121,24656.35358439,510342.85714286,154.28571429,164.57142857,463293.59555318,182.75000000,182.85714286,High friction cost
73,fixed_0.2,0.20000000,0.20000000,2358,209,175,2392,10,78602.40383685,67912.47691504,26608.85924357,510342.85714286,154.28571429,164.57142857,468720.38232853,182.75000000,182.85714286,High friction cost
74,fixed_0.2,0.20000000,0.20000000,2392,221,172,2441,6,81944.68590702,70800.20862366,28128.54478587,510342.85714286,154.28571429,164.57142857,467352.33616221,182.00000000,182.85714286,High friction cost
75,fixed_0.2,0.20000000,0.20000000,2441,200,169,2472,5,75751.11301118,65448.96164166,29445.47945480,510342.85714286,154.28571429,164.57142857,474020.51781314,182.75000000,182.85714286,High friction cost
76,fixed_0.2,0.20000000,0.20000000,2472,217,171,2518,5,83852.47203725,72448.53584019,23435.80238659,510342.85714286,154.28571429,164.57142857,461011.26654640,182.00000000,182.85714286,High friction cost
77,fixed_0.2,0.20000000,0.20000000,2518,228,171,2575,6,82336.12592009,71138.41279496,26975.07770769,510342.85714286,154.28571429,164.57142857,465860.66491274,182.00000000,182.85714286,High friction cost
78,fixed_0.2,0.20000000,0.20000000,2575,194,185,2584,18,74304.55205415,64199.13297479,31906.83414725,510342.85714286,154.28571429,164.57142857,477731.70117246,182.00000000,182.85714286,High friction cost
79,fixed_0.2,0.20000000,0.20000000,2584,237,199,2622,35,89540.92172888,77363.35637375,23971.39603941,510342.85714286,154.28571429,164.57142857,456632.03966566,182.25000000,182.85714286,High friction cost
80,fixed_0.2,0.20000000,0.20000000,2622,221,216,2627,53,84901.31815029,73354.73888185,22409.69256893,510342.85714286,154.28571429,164.57142857,459078.95368708,182.50000000,182.85714286,High friction cost
81,fixed_0.2,0.20000000,0.20000000,2627,200,222,2605,55,76011.39136752,65673.84214154,25628.21600781,510342.85714286,154.28571429,164.57142857,469978.37386628,182.50000000,182.85714286,High friction cost
82,fixed_0.2,0.20000000,0.20000000,2605,243,214,2634,48,87604.61805280,75690.38999762,28276.40445228,510342.85714286,154.28571429,164.57142857,462610.01445466,182.50000000,182.85714286,High friction cost
83,fixed_0.2,0.20000000,0.20000000,2634,196,224,2606,58,76921.80491298,66460.43944481,26014.95404833,510342.85714286,154.28571429,164.57142857,469578.51460352,182.00000000,182.85714286,High friction cost
0,fixed_0.5,0.50000000,0.22250000,1870,175,182,1863,0,68530.47995904,55509.68876682,32097.05336851,502821.42857143,385.71428571,164.57142857,478858.50745883,182.00000000,182.85714286,High friction cost
1,fixed_0.5,0.50000000,0.24331250,1863,209,182,1890,0,91565.73945198,74168.24895610,30311.76853301,502821.42857143,385.71428571,164.57142857,458414.66243406,182.00000000,182.85714286,High friction cost
2,fixed_0.5,0.50000000,0.26256406,1890,205,182,1913,0,77513.48408293,62785.92210718,29603.98023773,502821.42857143,385.71428571,164.57142857,469089.20098769,182.00000000,182.85714286,High friction cost
3,fixed_0.5,0.50000000,0.28037176,1913,201,182,1932,0,77714.26730661,62948.55651835,28663.07688617,502821.42857143,385.71428571,164.57142857,467985.66322496,182.00000000,182.85714286,High friction cost
4,fixed_0.5,0.50000000,0.29684388,1932,183,182,1933,0,71881.30798256,58223.85946587,29401.42103351,502821.42857143,385.71428571,164.57142857,473448.70442478,182.00000000,182.85714286,High friction cost
5,fixed_0.5,0.50000000,0.31208059,1933,191,182,1942,0,68021.97153906,55097.79694664,30029.20415348,502821.42857143,385.71428571,164.57142857,477202.55006398,182.00000000,182.85714286,High friction cost
6,fixed_0.5,0.50000000,0.32617454,1942,218,182,1978,0,78080.19430106,63244.95738386,28164.84890623,502821.42857143,385.71428571,164.57142857,467191.03437952,182.00000000,182.85714286,High friction cost
7,fixed_0.5,0.50000000,0.33921145,1978,243,182,2039,0,92016.07257417,74533.01878508,34660.77348708,502821.42857143,385.71428571,164.57142857,462398.89755915,182.00000000,182.85714286,High friction cost
8,fixed_0.5,0.50000000,0.35127059,2039,225,182,2082,0,86159.24912855,69788.99179413,29844.71101503,502821.42857143,385.71428571,164.57142857,462326.86207804,182.00000000,182.85714286,High friction cost
9,fixed_0.5,0.50000000,0.36242530,2082,211,182,2111,0,77881.94141243,63084.37254407,34571.79514437,502821.42857143,385.71428571,164.57142857,473758.56545745,182.00000000,182.85714286,High friction cost
10,fixed_0.5,0.50000000,0.37274340,2111,217,169,2159,0,81359.51142595,65901.20425502,24549.50347127,502821.42857143,385.71428571,164.57142857,460919.44207340,182.50000000,182.85714286,High friction cost
11,fixed_0.5,0.50000000,0.38228765,2159,239,166,2232,0,85221.97197242,69029.79729766,24188.19686794,502821.42857143,385.71428571,164.57142857,457429.54242743,182.50000000,182.85714286,High friction cost
12,fixed_0.5,0.50000000,0.39111607,2232,211,164,2279,0,85534.16320291,69282.67219435,24230.63992870,502821.42857143,385.71428571,164.57142857,457219.11059149,182.25000000,182.85714286,High friction cost
13,fixed_0.5,0.50000000,0.39928237,2279,194,170,2303,2,80351.10702443,65084.39668979,28089.31364761,502821.42857143,385.71428571,164.57142857,465276.05981497,182.75000000,182.85714286,High friction cost
14,fixed_0.5,0.50000000,0.40683619,2303,226,169,2360,5,93389.04156570,75645.12366822,24703.63792115,502821.42857143,385.71428571,164.57142857,451329.65711008,182.00000000,182.85714286,High friction cost
15,fixed_0.5,0.50000000,0.41382347,2360,204,165,2399,1,80688.39018304,65357.59604826,22087.02020569,502821.42857143,385.71428571,164.57142857,459000.56701457,182.00000000,182.85714286,High friction cost
16,fixed_0.5,0.50000000,0.42028671,2399,231,169,2461,3,95242.52349823,77146.44403357,25251.32107769,502821.42857143,385.71428571,164.57142857,450376.01990127,182.50000000,182.85714286,High friction cost
17,fixed_0.5,0.50000000,0.42626521,2461,240,171,2530,4,86360.30682441,69951.84852777,24313.18828191,502821.42857143,385.71428571,164.57142857,456632.48261128,182.25000000,182.85714286,High friction cost
18,fixed_0.5,0.50000000,0.43179532,2530,206,171,2565,7,80058.55297327,64847.42790835,24233.61186075,502821.42857143,385.71428571,164.57142857,461657.32680954,182.75000000,182.85714286,High friction cost
19,fixed_0.5,0.50000000,0.43691067,2565,227,168,2624,3,91889.82705211,74430.75991221,24839.12381545,502821.42857143,385.71428571,164.57142857,452679.50676038,182.75000000,182.85714286,High friction cost
20,fixed_0.5,0.50000000,0.44164237,2624,206,174,2656,7,80517.31961504,65219.02888818,23159.94903614,502821.42857143,385.71428571,164.57142857,460212.06300510,182.25000000,182.85714286,High friction cost
21,fixed_0.5,0.50000000,0.44601919,2656,219,209,2666,44,79083.44688365,64057.59197576,23103.12954894,502821.42857143,385.71428571,164.57142857,461316.68043033,182.00000000,182.85714286,High friction cost
22,fixed_0.5,0.50000000,0.45006775,2666,234,212,2688,46,88735.85941390,71876.04612526,23247.13600284,502821.42857143,385.71428571,164.57142857,453642.23273473,182.75000000,182.85714286,High friction cost
23,fixed_0.5,0.50000000,0.45381267,2688,197,214,2671,51,73392.88904504,59448.24012648,21788.89910582,502821.42857143,385.71428571,164.57142857,464611.80183648,182.50000000,182.85714286,High friction cost
24,fixed_0.5,0.50000000,0.45727672,2671,227,242,2656,76,88526.77855079,71706.69062614,24607.73695020,502821.42857143,385.71428571,164.57142857,455172.18918120,182.75000000,182.85714286,High friction cost
25,fixed_0.5,0.50000000,0.46048097,2656,228,212,2672,45,85000.43136186,68850.34940310,26578.11839703,502821.42857143,385.71428571,164.57142857,459998.91185107,182.00000000,182.85714286,High friction cost
26,fixed_0.5,0.50000000,0.46344489,2672,224,195,2701,27,75707.79667502,61323.31530677,25024.55177448,502821.42857143,385.71428571,164.57142857,465972.37932486,182.25000000,182.85714286,High friction cost
27,fixed_0.5,0.50000000,0.46618653,2701,225,224,2702,58,83397.85701716,67552.26418390,25385.60540671,502821.42857143,385.71428571,164.57142857,460104.48407995,182.50000000,182.85714286,High friction cost
28,fixed_0.5,0.50000000,0.46872254,2702,116,204,2614,38,37780.09911997,30601.88028718,29580.66491914,502821.42857143,385.71428571,164.57142857,501249.92748911,182.00000000,182.85714286,High friction cost
29,fixed_0.5,0.50000000,0.47106835,2614,124,232,2506,65,48338.67319670,39154.32528933,25936.70071042,502821.42857143,385.71428571,164.57142857,489053.51827823,182.25000000,182.85714286,High friction cost
30,fixed_0.5,0.50000000,0.47323822,2506,128,239,2395,73,49843.67335613,40373.37541846,22299.97033852,502821.42857143,385.71428571,164.57142857,484197.73777720,182.75000000,182.85714286,High friction cost
31,fixed_0.5,0.50000000,0.47524536,2395,139,205,2329,40,55372.65490959,44851.85047677,24130.73947479,502821.42857143,385.71428571,164.57142857,481550.03185516,182.25000000,182.85714286,High friction cost
32,fixed_0.5,0.50000000,0.47710195,2329,120,228,2221,62,45435.56861072,36802.81057468,22803.21636402,502821.42857143,385.71428571,164.57142857,488271.54864648,182.00000000,182.85714286,High friction cost
33,fixed_0.5,0.50000000,0.47881931,2221,130,205,2146,40,48858.22349022,39575.16102708,21593.12783643,502821.42857143,385.71428571,164.57142857,484289.10966649,182.50000000,182.85714286,High friction cost
34,fixed_0.5,0.50000000,0.48040786,2146,142,218,2070,54,46709.41275274,37834.62432972,21839.31873723,502821.42857143,385.71428571,164.57142857,486275.83726465,182.00000000,182.85714286,High friction cost
35,fixed_0.5,0.50000000,0.48187727,2070,135,237,1968,70,52111.10256019,42209.99307375,22742.58011648,502821.42857143,385.71428571,164.57142857,482803.72989987,182.25000000,182.85714286,High friction cost
36,fixed_0.5,0.50000000,0.48323647,1968,136,197,1907,30,55340.40256820,44825.72608024,26223.47988903,502821.42857143,385.71428571,164.57142857,483668.89666593,182.00000000,182.85714286,High friction cost
37,fixed_0.5,0.50000000,0.48449374,1907,151,227,1831,60,60145.04693448,48717.48801693,23234.12718463,502821.42857143,385.71428571,164.57142857,476787.78202484,182.25000000,182.85714286,High friction cost
38,fixed_0.5,0.50000000,0.48565671,1831,121,227,1725,61,44319.45914289,35898.76190574,21076.03495288,502821.42857143,385.71428571,164.57142857,487448.41590429,182.25000000,182.85714286,High friction cost
39,fixed_0.5,0.50000000,0.48673246,1725,138,224,1639,58,56376.05996120,45664.60856857,22083.34729280,502821.42857143,385.71428571,164.57142857,478689.88158136,182.00000000,182.85714286,High friction cost
40,fixed_0.5,0.50000000,0.48772752,1639,131,227,1543,59,48448.90730068,39243.61491355,21722.28466198,502821.42857143,385.71428571,164.57142857,484749.81260557,182.25000000,182.85714286,High friction cost
41,fixed_0.5,0.50000000,0.48864796,1543,136,169,1510,5,53641.41670693,43449.54753261,21077.82002377,502821.42857143,385.71428571,164.57142857,479899.41534830,182.75000000,182.85714286,High friction cost
42,fixed_0.5,0.50000000,0.48949936,1510,137,167,1480,2,50822.78852540,41166.45870557,23793.04434978,502821.42857143,385.71428571,164.57142857,484897.72850135,182.75000000,182.85714286,High friction cost
43,fixed_0.5,0.50000000,0.49028691,1480,154,168,1466,3,62224.15900589,50401.56879477,23486.33137615,502821.42857143,385.71428571,164.57142857,475355.90543852,182.50000000,182.85714286,High friction cost
44,fixed_0.5,0.50000000,0.49101539,1466,123,163,1426,0,47242.15824720,38266.14818024,21056.26142163,502821.42857143,385.71428571,164.57142857,485061.25609854,182.50000000,182.85714286,High friction cost
45,fixed_0.5,0.50000000,0.49168924,1426,126,169,1383,2,46523.52771922,37684.05745257,27400.27048438,502821.42857143,385.71428571,164.57142857,491987.35588895,182.75000000,182.85714286,High friction cost
46,fixed_0.5,0.50000000,0.49231254,1383,115,169,1329,3,43501.53859520,35236.24626211,25551.83883770,502821.42857143,385.71428571,164.57142857,492586.73543274,182.00000000,182.85714286,High friction cost
47,fixed_0.5,0.50000000,0.49288910,1329,120,167,1282,0,47304.02455686,38316.25989106,23275.02584324,502821.42857143,385.71428571,164.57142857,487229.90880933,182.25000000,182.85714286,High friction cost
48,fixed_0.5,0.50000000,0.49342242,1282,131,169,1244,5,58311.19024088,47232.06409511,22921.89539806,502821.42857143,385.71428571,164.57142857,477960.97416009,182.75000000,182.85714286,High friction cost
49,fixed_0.5,0.50000000,0.49391574,1244,134,167,1211,2,54878.40813587,44451.51059005,23103.39098586,502821.42857143,385.71428571,164.57142857,480923.02325295,182.50000000,182.85714286,High friction cost
50,fixed_0.5,0.50000000,0.49437206,1211,119,167,1163,1,43025.50759596,34850.66115272,23430.09299926,502821.42857143,385.71428571,164.57142857,490850.57470368,182.00000000,182.85714286,High friction cost
51,fixed_0.5,0.50000000,0.49479415,1163,112,168,1107,1,43624.00834875,35335.44676249,23957.07270617,502821.42857143,385.71428571,164.57142857,490892.76880083,182.00000000,182.85714286,High friction cost
52,fixed_0.5,0.50000000,0.49518459,1107,123,171,1059,4,46260.27035793,37470.81898993,25036.99424791,502821.42857143,385.71428571,164.57142857,489837.31811513,182.75000000,182.85714286,High friction cost
53,fixed_0.5,0.50000000,0.49554575,1059,132,168,1023,3,49241.65877284,39885.74360600,20514.27019904,502821.42857143,385.71428571,164.57142857,482899.66945018,182.25000000,182.85714286,High friction cost
54,fixed_0.5,0.50000000,0.49587982,1023,138,170,991,3,49811.10239924,40346.99294338,27321.07194186,502821.42857143,385.71428571,164.57142857,489245.22185563,182.25000000,182.85714286,High friction cost
55,fixed_0.5,0.50000000,0.49618883,991,139,167,963,3,55506.39403167,44960.17916565,21356.35068659,502821.42857143,385.71428571,164.57142857,478667.31437808,182.75000000,182.85714286,High friction cost
56,fixed_0.5,0.50000000,0.49647467,963,188,172,979,6,69635.58404570,56404.82307702,26155.46850162,502821.42857143,385.71428571,164.57142857,472021.78828174,182.25000000,182.85714286,High friction cost
57,fixed_0.5,0.50000000,0.49673907,979,196,167,1008,2,68625.15557782,55586.37601803,27945.12098300,502821.42857143,385.71428571,164.57142857,474629.88782211,182.25000000,182.85714286,High friction cost
58,fixed_0.5,0.50000000,0.49698364,1008,206,170,1044,3,79705.76612991,64561.67056523,23634.09367334,502821.42857143,385.71428571,164.57142857,461343.56596525,182.50000000,182.85714286,High friction cost
59,fixed_0.5,0.50000000,0.49720986,1044,230,163,1111,1,83664.82933370,67768.51176030,19604.93153167,502821.42857143,385.71428571,164.57142857,454107.56262852,182.25000000,182.85714286,High friction cost
60,fixed_0.5,0.50000000,0.49741913,1111,215,168,1158,2,84629.19207762,68549.64558287,24066.72683160,502821.42857143,385.71428571,164.57142857,457788.22410587,182.50000000,182.85714286,High friction cost
61,fixed_0.5,0.50000000,0.49761269,1158,188,170,1176,4,74311.16262768,60192.04172842,25725.33483728,502821.42857143,385.71428571,164.57142857,467804.43596601,182.50000000,182.85714286,High friction cost
62,fixed_0.5,0.50000000,0.49779174,1176,182,168,1190,3,67308.34051580,54519.75581780,19206.09895257,502821.42857143,385.71428571,164.57142857,466957.48599191,182.25000000,182.85714286,High friction cost
63,fixed_0.5,0.50000000,0.49795736,1190,196,166,1220,2,81523.12838625,66033.73399286,20028.55021690,502821.42857143,385.71428571,164.57142857,456265.95908118,182.50000000,182.85714286,High friction cost
64,fixed_0.5,0.50000000,0.49811056,1220,179,168,1231,2,68384.25222309,55391.24430071,20947.38874422,502821.42857143,385.71428571,164.57142857,467827.28730066,182.75000000,182.85714286,High friction cost
65,fixed_0.5,0.50000000,0.49825226,1231,220,168,1283,2,86964.46424794,70441.21604083,22145.40006953,502821.42857143,385.71428571,164.57142857,453975.32688584,182.75000000,182.85714286,High friction cost
66,fixed_0.5,0.50000000,0.49838335,1283,176,166,1293,2,68778.02124656,55710.19720971,25105.81496050,502821.42857143,385.71428571,164.57142857,471666.76060793,182.00000000,182.85714286,High friction cost
67,fixed_0.5,0.50000000,0.49850459,1293,198,168,1323,3,71077.79620765,57573.01492820,23947.09223294,502821.42857143,385.71428571,164.57142857,468645.22016189,182.75000000,182.85714286,High friction cost
68,fixed_0.5,0.50000000,0.49861675,1323,189,168,1344,5,71885.11448697,58226.94273444,23424.67060867,502821.42857143,385.71428571,164.57142857,467468.87073137,182.00000000,182.85714286,High friction cost
69,fixed_0.5,0.50000000,0.49872049,1344,185,170,1359,5,69209.49649297,56059.69215931,25785.59824475,502821.42857143,385.71428571,164.57142857,471997.04894259,182.00000000,182.85714286,High friction cost
70,fixed_0.5,0.50000000,0.49881646,1359,201,170,1390,7,79374.61305919,64293.43657795,26256.53295720,502821.42857143,385.71428571,164.57142857,464234.23923639,182.00000000,182.85714286,High friction cost
71,fixed_0.5,0.50000000,0.49890522,1390,180,168,1402,3,66940.01284557,54221.41040491,22865.26382573,502821.42857143,385.71428571,164.57142857,470914.99627796,182.00000000,182.85714286,High friction cost
72,fixed_0.5,0.50000000,0.49898733,1402,181,172,1411,7,73691.12104875,59689.80804948,24507.21313441,502821.42857143,385.71428571,164.57142857,467088.54794207,182.50000000,182.85714286,High friction cost
73,fixed_0.5,0.50000000,0.49906328,1411,186,177,1420,10,69749.10106071,56496.77185918,30190.38922974,502821.42857143,385.71428571,164.57142857,475964.76022771,182.00000000,182.85714286,High friction cost
74,fixed_0.5,0.50000000,0.49913353,1420,186,170,1436,5,70850.49827309,57388.90360121,23369.72355064,502821.42857143,385.71428571,164.57142857,468251.96280658,182.75000000,182.85714286,High friction cost
75,fixed_0.5,0.50000000,0.49919852,1436,173,166,1443,4,65053.14579539,52693.04809426,19499.19370575,502821.42857143,385.71428571,164.57142857,469077.28846863,182.00000000,182.85714286,High friction cost
76,fixed_0.5,0.50000000,0.49925863,1443,194,169,1468,4,77220.15972918,62548.32938064,21672.00854983,502821.42857143,385.71428571,164.57142857,461394.82202634,182.50000000,182.85714286,High friction cost
77,fixed_0.5,0.50000000,0.49931423,1468,200,173,1495,6,72994.10329777,59125.22367120,26047.81991666,502821.42857143,385.71428571,164.57142857,469193.73910260,182.50000000,182.85714286,High friction cost
78,fixed_0.5,0.50000000,0.49936567,1495,173,171,1497,6,66504.96315334,53869.02015420,25653.13708645,502821.42857143,385.71428571,164.57142857,474055.25978939,182.25000000,182.85714286,High friction cost
79,fixed_0.5,0.50000000,0.49941324,1497,208,166,1539,1,80398.64981700,65122.90635177,22822.30282029,502821.42857143,385.71428571,164.57142857,459970.53932566,182.50000000,182.85714286,High friction cost
80,fixed_0.5,0.50000000,0.49945725,1539,194,170,1563,2,73330.34125933,59397.57642006,26479.18442213,502821.42857143,385.71428571,164.57142857,469352.75085921,182.75000000,182.85714286,High friction cost
81,fixed_0.5,0.50000000,0.49949795,1563,177,170,1570,3,67238.98268932,54463.57597835,22808.96055559,502821.42857143,385.71428571,164.57142857,470616.52743439,182.75000000,182.85714286,High friction cost
82,fixed_0.5,0.50000000,0.49953561,1570,209,169,1610,4,77083.51198582,62437.64470851,27171.88721677,502821.42857143,385.71428571,164.57142857,467005.38536540,182.75000000,182.85714286,High friction cost
83,fixed_0.5,0.50000000,0.49957044,1610,176,169,1617,4,66967.44568127,54243.63100183,21997.99930134,502821.42857143,385.71428571,164.57142857,470025.51115665,182.75000000,182.85714286,High friction cost
0,fixed_0.8,0.80000000,0.24500000,1870,139,182,1827,0,52634.33233716,39791.55524689,32097.05336851,495300.00000000,617.14285714,164.57142857,486823.78383591,182.00000000,182.85714286,High friction cost
1,fixed_0.8,0.80000000,0.28662500,1827,163,182,1808,0,68426.09894856,51730.13080511,30311.76853301,495300.00000000,617.14285714,164.57142857,473099.92344219,182.00000000,182.85714286,High friction cost
2,fixed_0.8,0.80000000,0.32512812,1808,163,182,1789,0,60741.45606007,45920.54078141,29603.98023773,495300.00000000,617.14285714,164.57142857,478201.72517060,182.00000000,182.85714286,High friction cost
3,fixed_0.8,0.80000000,0.36074352,1789,174,182,1781,0,65440.98332506,49473.38339374,28663.07688617,495300.00000000,617.14285714,164.57142857,473707.97920671,182.00000000,182.85714286,High friction cost
4,fixed_0.8,0.80000000,0.39368775,1781,157,182,1756,0,59515.83616165,44993.97213820,29401.42103351,495300.00000000,617.14285714,164.57142857,478925.73460959,182.00000000,182.85714286,High friction cost
5,fixed_0.8,0.80000000,0.42416117,1756,154,182,1728,0,55369.34430884,41859.22429748,30029.20415348,495300.00000000,617.14285714,164.57142857,482688.26557028,182.00000000,182.85714286,High friction cost
6,fixed_0.8,0.80000000,0.45234908,1728,187,182,1733,0,67953.98772445,51373.21471968,28164.84890623,495300.00000000,617.14285714,164.57142857,471309.91990083,182.00000000,182.85714286,High friction cost
7,fixed_0.8,0.80000000,0.47842290,1733,209,182,1760,0,80543.24192555,60890.69089571,34660.77348708,495300.00000000,617.14285714,164.57142857,468288.36830566,182.00000000,182.85714286,High friction cost
8,fixed_0.8,0.80000000,0.50254118,1760,192,182,1770,0,72946.00626835,55147.18073887,29844.71101503,495300.00000000,617.14285714,164.57142857,469215.81599044,182.00000000,182.85714286,High friction cost
9,fixed_0.8,0.80000000,0.52485060,1770,187,182,1775,0,67704.26230849,51184.42230522,34571.79514437,495300.00000000,617.14285714,164.57142857,477905.65855344,182.00000000,182.85714286,High friction cost
10,fixed_0.8,0.80000000,0.54548680,1775,188,169,1794,0,69300.48311055,52391.16523158,23418.81979436,495300.00000000,617.14285714,164.57142857,465545.94027707,182.50000000,182.85714286,High friction cost
11,fixed_0.8,0.80000000,0.56457529,1794,217,166,1845,0,77670.36027765,58718.79236990,22279.05602766,495300.00000000,617.14285714,164.57142857,458078.54937204,182.75000000,182.85714286,High friction cost
12,fixed_0.8,0.80000000,0.58223214,1845,181,166,1860,0,75675.71829823,57210.84303346,25266.30268539,495300.00000000,617.14285714,164.57142857,462573.74536621,182.00000000,182.85714286,High friction cost
13,fixed_0.8,0.80000000,0.59856473,1860,177,167,1870,1,73777.58334608,55775.85300964,25514.43060155,495300.00000000,617.14285714,164.57142857,464256.86330620,182.25000000,182.85714286,High friction cost
14,fixed_0.8,0.80000000,0.61367238,1870,206,168,1908,4,83433.67038481,63075.85481092,20152.91414121,495300.00000000,617.14285714,164.57142857,451595.34504458,182.00000000,182.85714286,High friction cost
15,fixed_0.8,0.80000000,0.62764695,1908,189,168,1929,1,74252.00655238,56134.51695360,25842.62814193,495300.00000000,617.14285714,164.57142857,464226.39690261,182.50000000,182.85714286,High friction cost
16,fixed_0.8,0.80000000,0.64057343,1929,213,170,1972,3,89465.13727623,67635.64378083,20298.43674450,495300.00000000,617.14285714,164.57142857,447181.07867795,182.75000000,182.85714286,High friction cost
17,fixed_0.8,0.80000000,0.65253042,1972,224,170,2026,4,78984.01224500,59711.91325722,25006.70003095,495300.00000000,617.14285714,164.57142857,459813.07248802,182.75000000,182.85714286,High friction cost
18,fixed_0.8,0.80000000,0.66359064,2026,193,171,2048,5,76175.21304646,57588.46106313,23253.03497285,495300.00000000,617.14285714,164.57142857,460182.85962401,182.50000000,182.85714286,High friction cost
19,fixed_0.8,0.80000000,0.67382134,2048,213,170,2091,3,86019.31148144,65030.59947997,21744.61872089,495300.00000000,617.14285714,164.57142857,451232.30495521,182.00000000,182.85714286,High friction cost
20,fixed_0.8,0.80000000,0.68328474,2091,187,169,2109,3,74261.73912601,56141.87477926,23101.92599689,495300.00000000,617.14285714,164.57142857,461478.33693191,182.25000000,182.85714286,High friction cost
21,fixed_0.8,0.80000000,0.69203839,2109,202,166,2145,4,71967.28420514,54407.26685909,20188.66293602,495300.00000000,617.14285714,164.57142857,460299.68179122,182.00000000,182.85714286,High friction cost
22,fixed_0.8,0.80000000,0.70013551,2145,218,167,2196,3,82701.20904541,62522.11403833,16128.82591927,495300.00000000,617.14285714,164.57142857,448124.99759523,182.00000000,182.85714286,High friction cost
23,fixed_0.8,0.80000000,0.70762534,2196,186,167,2215,2,69168.48584232,52291.37529680,27389.77952740,495300.00000000,617.14285714,164.57142857,469616.68994489,182.25000000,182.85714286,High friction cost
24,fixed_0.8,0.80000000,0.71455344,2215,216,173,2258,6,83565.41964459,63175.45725131,27294.35864611,495300.00000000,617.14285714,164.57142857,458637.18710909,182.25000000,182.85714286,High friction cost
25,fixed_0.8,0.80000000,0.72096193,2258,219,169,2308,1,81888.50437682,61907.70930888,21649.38516389,495300.00000000,617.14285714,164.57142857,454259.96156930,182.75000000,182.85714286,High friction cost
26,fixed_0.8,0.80000000,0.72688979,2308,207,172,2343,5,69823.88795894,52786.85929696,23721.93192902,495300.00000000,617.14285714,164.57142857,465453.35834635,182.00000000,182.85714286,High friction cost
27,fixed_0.8,0.80000000,0.73237306,2343,221,172,2392,6,81953.36536919,61956.74421911,24019.90497361,495300.00000000,617.14285714,164.57142857,456581.44646879,182.75000000,182.85714286,High friction cost
28,fixed_0.8,0.80000000,0.73744508,2392,111,172,2331,6,35324.82961293,26705.57118737,28038.51723596,495300.00000000,617.14285714,164.57142857,495851.23176287,182.00000000,182.85714286,High friction cost
29,fixed_0.8,0.80000000,0.74213670,2331,115,171,2275,6,43393.59157489,32805.55523062,22260.46567117,495300.00000000,617.14285714,164.57142857,483973.19615484,182.50000000,182.85714286,High friction cost
30,fixed_0.8,0.80000000,0.74647644,2275,120,171,2224,5,47282.95195037,35745.91167448,21888.99003425,495300.00000000,617.14285714,164.57142857,480661.36407405,182.25000000,182.85714286,High friction cost
31,fixed_0.8,0.80000000,0.75049071,2224,132,175,2181,9,52783.70414746,39904.48033548,21721.36795921,495300.00000000,617.14285714,164.57142857,476335.17333802,182.75000000,182.85714286,High friction cost
32,fixed_0.8,0.80000000,0.75420391,2181,116,213,2084,47,43747.25029502,33072.92122303,22336.81345723,495300.00000000,617.14285714,164.57142857,483782.17794848,182.50000000,182.85714286,High friction cost
33,fixed_0.8,0.80000000,0.75763861,2084,125,187,2022,21,47280.84444317,35744.31839903,19497.38623534,495300.00000000,617.14285714,164.57142857,478271.35355059,182.00000000,182.85714286,High friction cost
34,fixed_0.8,0.80000000,0.76081572,2022,133,200,1955,36,44827.58711674,33889.65586025,21403.61061661,495300.00000000,617.14285714,164.57142857,482032.24047064,182.50000000,182.85714286,High friction cost
35,fixed_0.8,0.80000000,0.76375454,1955,129,221,1863,54,50770.88395071,38382.78826674,20726.29341091,495300.00000000,617.14285714,164.57142857,476861.79085846,182.25000000,182.85714286,High friction cost
36,fixed_0.8,0.80000000,0.76647295,1863,132,187,1808,19,54701.80470590,41354.56435766,23077.15373393,495300.00000000,617.14285714,164.57142857,476240.87509055,182.75000000,182.85714286,High friction cost
37,fixed_0.8,0.80000000,0.76898748,1808,144,215,1737,48,56636.18777208,42816.95795569,21790.99952164,495300.00000000,617.14285714,164.57142857,473492.32728023,182.25000000,182.85714286,High friction cost
38,fixed_0.8,0.80000000,0.77131342,1737,115,218,1634,52,42045.47195655,31786.37679915,19933.03606334,495300.00000000,617.14285714,164.57142857,482664.94497848,182.00000000,182.85714286,High friction cost
39,fixed_0.8,0.80000000,0.77346491,1634,131,207,1558,41,54107.85401642,40905.53763641,20132.70692103,495300.00000000,617.14285714,164.57142857,473745.45499890,182.00000000,182.85714286,High friction cost
40,fixed_0.8,0.80000000,0.77545504,1558,126,224,1460,55,46425.13630329,35097.40304529,20607.18685716,495300.00000000,617.14285714,164.57142857,480028.06952616,182.75000000,182.85714286,High friction cost
41,fixed_0.8,0.80000000,0.77729591,1460,132,168,1424,5,52446.49533840,39649.55047583,17622.97460699,495300.00000000,617.14285714,164.57142857,472491.70984545,182.25000000,182.85714286,High friction cost
42,fixed_0.8,0.80000000,0.77899872,1424,131,167,1388,2,49649.82357190,37535.26662035,23309.57855427,495300.00000000,617.14285714,164.57142857,480292.59764821,182.75000000,182.85714286,High friction cost
43,fixed_0.8,0.80000000,0.78057382,1388,149,167,1370,3,59445.77809902,44941.00824286,20978.62648975,495300.00000000,617.14285714,164.57142857,470555.90396118,182.25000000,182.85714286,High friction cost
44,fixed_0.8,0.80000000,0.78203078,1370,119,166,1323,0,45672.45923102,34528.37917865,22489.49610332,495300.00000000,617.14285714,164.57142857,482479.40263895,182.75000000,182.85714286,High friction cost
45,fixed_0.8,0.80000000,0.78337847,1323,123,167,1279,2,45645.09999629,34507.69559719,25601.98749759,495300.00000000,617.14285714,164.57142857,485612.57761468,182.75000000,182.85714286,High friction cost
46,fixed_0.8,0.80000000,0.78462509,1279,109,169,1219,3,41900.12069286,31676.49124380,23922.09323827,495300.00000000,617.14285714,164.57142857,486763.88770875,182.75000000,182.85714286,High friction cost
47,fixed_0.8,0.80000000,0.78577820,1219,115,167,1167,0,45152.12490145,34135.00642549,19102.28563050,495300.00000000,617.14285714,164.57142857,479485.56491930,182.50000000,182.85714286,High friction cost
48,fixed_0.8,0.80000000,0.78684484,1167,127,170,1124,5,56402.73078641,42640.46447452,22847.20911557,495300.00000000,617.14285714,164.57142857,474725.03035533,182.75000000,182.85714286,High friction cost
49,fixed_0.8,0.80000000,0.78783148,1124,130,168,1086,2,53644.67978804,40555.37791976,22048.21414173,495300.00000000,617.14285714,164.57142857,476011.12193626,182.25000000,182.85714286,High friction cost
50,fixed_0.8,0.80000000,0.78874412,1086,113,169,1030,1,41091.73126677,31065.34883768,22659.50522792,495300.00000000,617.14285714,164.57142857,486112.44210453,182.50000000,182.85714286,High friction cost
51,fixed_0.8,0.80000000,0.78958831,1030,109,167,972,1,42900.71479216,32432.94038287,23797.60329691,495300.00000000,617.14285714,164.57142857,485882.94862832,182.75000000,182.85714286,High friction cost
52,fixed_0.8,0.80000000,0.79036918,972,117,170,919,4,44679.39381662,33777.62172536,21353.91689248,495300.00000000,617.14285714,164.57142857,482094.58088141,182.00000000,182.85714286,High friction cost
53,fixed_0.8,0.80000000,0.79109150,919,126,169,876,2,47325.50213261,35778.07961225,20810.44691087,495300.00000000,617.14285714,164.57142857,479550.65301290,182.25000000,182.85714286,High friction cost
54,fixed_0.8,0.80000000,0.79175963,876,131,166,841,2,47933.85148389,36237.99172182,24089.23671488,495300.00000000,617.14285714,164.57142857,482369.53070734,182.25000000,182.85714286,High friction cost
55,fixed_0.8,0.80000000,0.79237766,841,130,168,803,3,50598.51497732,38252.47732286,24647.37717583,495300.00000000,617.14285714,164.57142857,480913.18556726,182.00000000,182.85714286,High friction cost
56,fixed_0.8,0.80000000,0.79294934,803,183,170,816,5,66998.05829474,50650.53207082,24878.33865718,495300.00000000,617.14285714,164.57142857,468746.09230065,182.00000000,182.85714286,High friction cost
57,fixed_0.8,0.80000000,0.79347814,816,187,170,833,2,66185.68768203,50036.37988761,21056.11601330,495300.00000000,617.14285714,164.57142857,465538.02183997,182.00000000,182.85714286,High friction cost
58,fixed_0.8,0.80000000,0.79396728,833,193,167,859,3,75060.21990753,56745.52625009,19934.71304979,495300.00000000,617.14285714,164.57142857,457707.47251399,182.00000000,182.85714286,High friction cost
59,fixed_0.8,0.80000000,0.79441973,859,224,166,917,1,82001.32198292,61992.99941909,22569.77688518,495300.00000000,617.14285714,164.57142857,455095.06318038,182.75000000,182.85714286,High friction cost
60,fixed_0.8,0.80000000,0.79483825,917,213,168,962,2,83451.32554233,63089.20211000,24470.70671265,495300.00000000,617.14285714,164.57142857,455899.79031694,182.25000000,182.85714286,High friction cost
61,fixed_0.8,0.80000000,0.79522538,962,181,169,974,3,72232.34283562,54607.65118373,18155.22479910,495300.00000000,617.14285714,164.57142857,458065.85932966,182.00000000,182.85714286,High friction cost
62,fixed_0.8,0.80000000,0.79558348,974,175,168,981,3,64579.32945458,48821.97306767,19895.70165356,495300.00000000,617.14285714,164.57142857,465592.01430018,182.50000000,182.85714286,High friction cost
63,fixed_0.8,0.80000000,0.79591472,981,192,168,1005,2,80049.11022148,60517.12732744,19017.67885495,495300.00000000,617.14285714,164.57142857,453018.83724180,182.75000000,182.85714286,High friction cost
64,fixed_0.8,0.80000000,0.79622111,1005,172,168,1009,2,66325.03969325,50141.73000810,23648.17356566,495300.00000000,617.14285714,164.57142857,468024.72927185,182.50000000,182.85714286,High friction cost
65,fixed_0.8,0.80000000,0.79650453,1009,216,165,1060,2,84957.25186931,64227.68241320,17226.36017312,495300.00000000,617.14285714,164.57142857,447516.96347420,182.50000000,182.85714286,High friction cost
66,fixed_0.8,0.80000000,0.79676669,1060,174,167,1067,2,67682.72254961,51168.13824750,25426.27689206,495300.00000000,617.14285714,164.57142857,468776.42435884,182.50000000,182.85714286,High friction cost
67,fixed_0.8,0.80000000,0.79700919,1067,192,168,1091,3,69240.60163169,52345.89483356,21330.60226731,495300.00000000,617.14285714,164.57142857,463502.99314803,182.25000000,182.85714286,High friction cost
68,fixed_0.8,0.80000000,0.79723350,1091,181,169,1103,4,69827.08444537,52789.27584070,27551.61523844,495300.00000000,617.14285714,164.57142857,469280.62511202,182.50000000,182.85714286,High friction cost
69,fixed_0.8,0.80000000,0.79744099,1103,178,169,1112,5,66867.32637896,50551.69874249,22252.94150237,495300.00000000,617.14285714,164.57142857,466219.52847417,182.50000000,182.85714286,High friction cost
70,fixed_0.8,0.80000000,0.79763291,1112,193,172,1133,7,74340.97747641,56201.77897217,21491.07110068,495300.00000000,617.14285714,164.57142857,459807.57784280,182.75000000,182.85714286,High friction cost
71,fixed_0.8,0.80000000,0.79781044,1133,176,169,1140,3,65956.40288650,49863.04058220,23454.75680777,495300.00000000,617.14285714,164.57142857,468110.00193986,182.50000000,182.85714286,High friction cost
72,fixed_0.8,0.80000000,0.79797466,1140,178,171,1147,7,72456.33451879,54776.98889620,24928.83434471,495300.00000000,617.14285714,164.57142857,464670.13116279,182.25000000,182.85714286,High friction cost
73,fixed_0.8,0.80000000,0.79812656,1147,170,174,1143,10,63470.90702627,47984.00571186,22187.36649335,495300.00000000,617.14285714,164.57142857,468721.64649577,182.00000000,182.85714286,High friction cost
74,fixed_0.8,0.80000000,0.79826707,1143,180,168,1155,5,68479.22660581,51770.29531399,18685.19373578,495300.00000000,617.14285714,164.57142857,461433.18413608,182.50000000,182.85714286,High friction cost
75,fixed_0.8,0.80000000,0.79839704,1155,164,171,1148,4,62852.78922863,47516.70865684,24192.93853632,495300.00000000,617.14285714,164.57142857,471194.51559377,182.00000000,182.85714286,High friction cost
76,fixed_0.8,0.80000000,0.79851726,1148,191,170,1169,4,76571.40984509,57887.98584289,22334.74791328,495300.00000000,617.14285714,164.57142857,458965.04778468,182.50000000,182.85714286,High friction cost
77,fixed_0.8,0.80000000,0.79862847,1169,192,172,1189,6,68943.16531807,52121.03298046,22060.04448465,495300.00000000,617.14285714,164.57142857,464457.29721847,182.75000000,182.85714286,High friction cost
78,fixed_0.8,0.80000000,0.79873133,1189,169,172,1186,6,65123.25806941,49233.18310047,21939.29921320,495300.00000000,617.14285714,164.57142857,467224.40182702,182.50000000,182.85714286,High friction cost
79,fixed_0.8,0.80000000,0.79882648,1186,199,164,1221,1,75676.83162715,57211.68471012,23202.30038744,495300.00000000,617.14285714,164.57142857,460508.90139160,182.25000000,182.85714286,High friction cost
80,fixed_0.8,0.80000000,0.79891450,1221,187,168,1240,2,70445.59160999,53256.86725715,25815.29811349,495300.00000000,617.14285714,164.57142857,467076.71657063,182.50000000,182.85714286,High friction cost
81,fixed_0.8,0.80000000,0.79899591,1240,175,168,1247,3,66428.27398348,50219.77513151,20277.52145818,495300.00000000,617.14285714,164.57142857,464576.03204096,182.50000000,182.85714286,High friction cost
82,fixed_0.8,0.80000000,0.79907122,1247,204,170,1281,4,75265.47138824,56900.69636951,21666.83054557,495300.00000000,617.14285714,164.57142857,459284.41989034,182.50000000,182.85714286,High friction cost
83,fixed_0.8,0.80000000,0.79914087,1281,169,172,1278,4,63886.64687700,48298.30503901,25814.02001928,495300.00000000,617.14285714,164.57142857,472034.00069456,182.75000000,182.85714286,High friction cost
0,adaptive,0.80000000,0.24500000,1870,139,182,1827,0,52634.33233716,39791.55524689,32097.05336851,495300.00000000,617.14285714,164.57142857,486823.78383591,182.00000000,182.85714286,High friction cost
1,adaptive,0.80000000,0.28662500,1827,163,182,1808,0,68426.09894856,51730.13080511,30311.76853301,495300.00000000,617.14285714,164.57142857,473099.92344219,182.00000000,182.85714286,High friction cost
2,adaptive,0.80000000,0.32512812,1808,163,182,1789,0,60741.45606007,45920.54078141,29603.98023773,495300.00000000,617.14285714,164.57142857,478201.72517060,182.00000000,182.85714286,High friction cost
3,adaptive,0.80000000,0.36074352,1789,174,182,1781,0,65440.98332506,49473.38339374,28663.07688617,495300.00000000,617.14285714,164.57142857,473707.97920671,182.00000000,182.85714286,High friction cost
4,adaptive,0.80000000,0.39368775,1781,157,182,1756,0,59515.83616165,44993.97213820,29401.42103351,495300.00000000,617.14285714,164.57142857,478925.73460959,182.00000000,182.85714286,High friction cost
5,adaptive,0.80000000,0.42416117,1756,154,182,1728,0,55369.34430884,41859.22429748,30029.20415348,495300.00000000,617.14285714,164.57142857,482688.26557028,182.00000000,182.85714286,High friction cost
6,adaptive,0.80000000,0.45234908,1728,187,182,1733,0,67953.98772445,51373.21471968,28164.84890623,495300.00000000,617.14285714,164.57142857,471309.91990083,182.00000000,182.85714286,High friction cost
7,adaptive,0.80000000,0.47842290,1733,209,182,1760,0,80543.24192555,60890.69089571,34660.77348708,495300.00000000,617.14285714,164.57142857,468288.36830566,182.00000000,182.85714286,High friction cost
8,adaptive,0.80000000,0.50254118,1760,192,182,1770,0,72946.00626835,55147.18073887,29844.71101503,495300.00000000,617.14285714,164.57142857,469215.81599044,182.00000000,182.85714286,High friction cost
9,adaptive,0.80000000,0.52485060,1770,187,182,1775,0,67704.26230849,51184.42230522,34571.79514437,495300.00000000,617.14285714,164.57142857,477905.65855344,182.00000000,182.85714286,High friction cost
10,adaptive,0.80000000,0.54548680,1775,188,169,1794,0,69300.48311055,52391.16523158,23418.81979436,495300.00000000,617.14285714,164.57142857,465545.94027707,182.50000000,182.85714286,High friction cost
11,adaptive,0.80000000,0.56457529,1794,217,166,1845,0,77670.36027765,58718.79236990,22279.05602766,495300.00000000,617.14285714,164.57142857,458078.54937204,182.75000000,182.85714286,High friction cost
12,adaptive,0.80000000,0.58223214,1845,181,166,1860,0,75675.71829823,57210.84303346,25266.30268539,495300.00000000,617.14285714,164.57142857,462573.74536621,182.00000000,182.85714286,High friction cost
13,adaptive,0.80000000,0.59856473,1860,177,167,1870,1,73777.58334608,55775.85300964,25514.43060155,495300.00000000,617.14285714,164.57142857,464256.86330620,182.25000000,182.85714286,High friction cost
14,adaptive,0.80000000,0.61367238,1870,206,168,1908,4,83433.67038481,63075.85481092,20152.91414121,495300.00000000,617.14285714,164.57142857,451595.34504458,182.00000000,182.85714286,High friction cost
15,adaptive,0.80000000,0.62764695,1908,189,168,1929,1,74252.00655238,56134.51695360,25842.62814193,495300.00000000,617.14285714,164.57142857,464226.39690261,182.50000000,182.85714286,High friction cost
16,adaptive,0.80000000,0.64057343,1929,213,170,1972,3,89465.13727623,67635.64378083,20298.43674450,495300.00000000,617.14285714,164.57142857,447181.07867795,182.75000000,182.85714286,High friction cost
17,adaptive,0.80000000,0.65253042,1972,224,170,2026,4,78984.01224500,59711.91325722,25006.70003095,495300.00000000,617.14285714,164.57142857,459813.07248802,182.75000000,182.85714286,High friction cost
18,adaptive,0.80000000,0.66359064,2026,193,171,2048,5,76175.21304646,57588.46106313,23253.03497285,495300.00000000,617.14285714,164.57142857,460182.85962401,182.50000000,182.85714286,High friction cost
19,adaptive,0.80000000,0.67382134,2048,213,170,2091,3,86019.31148144,65030.59947997,21744.61872089,495300.00000000,617.14285714,164.57142857,451232.30495521,182.00000000,182.85714286,High friction cost
20,adaptive,0.80000000,0.68328474,2091,187,169,2109,3,74261.73912601,56141.87477926,23101.92599689,495300.00000000,617.14285714,164.57142857,461478.33693191,182.25000000,182.85714286,High friction cost
21,adaptive,0.80000000,0.69203839,2109,202,166,2145,4,71967.28420514,54407.26685909,20188.66293602,495300.00000000,617.14285714,164.57142857,460299.68179122,182.00000000,182.85714286,High friction cost
22,adaptive,0.80000000,0.70013551,2145,218,167,2196,3,82701.20904541,62522.11403833,16128.82591927,495300.00000000,617.14285714,164.57142857,448124.99759523,182.00000000,182.85714286,High friction cost
23,adaptive,0.80000000,0.70762534,2196,186,167,2215,2,69168.48584232,52291.37529680,27389.77952740,495300.00000000,617.14285714,164.57142857,469616.68994489,182.25000000,182.85714286,High friction cost
24,adaptive,0.80000000,0.71455344,2215,216,173,2258,6,83565.41964459,63175.45725131,27294.35864611,495300.00000000,617.14285714,164.57142857,458637.18710909,182.25000000,182.85714286,High friction cost
25,adaptive,0.80000000,0.72096193,2258,219,169,2308,1,81888.50437682,61907.70930888,21649.38516389,495300.00000000,617.14285714,164.57142857,454259.96156930,182.75000000,182.85714286,High friction cost
26,adaptive,0.80000000,0.72688979,2308,207,172,2343,5,69823.88795894,52786.85929696,23721.93192902,495300.00000000,617.14285714,164.57142857,465453.35834635,182.00000000,182.85714286,High friction cost
27,adaptive,0.80000000,0.73237306,2343,221,172,2392,6,81953.36536919,61956.74421911,24019.90497361,495300.00000000,617.14285714,164.57142857,456581.44646879,182.75000000,182.85714286,High friction cost
28,adaptive,0.80000000,0.73744508,2392,111,172,2331,6,35324.82961293,26705.57118737,28038.51723596,495300.00000000,617.14285714,164.57142857,495851.23176287,182.00000000,182.85714286,High friction cost
29,adaptive,0.80000000,0.74213670,2331,115,171,2275,6,43393.59157489,32805.55523062,22260.46567117,495300.00000000,617.14285714,164.57142857,483973.19615484,182.50000000,182.85714286,High friction cost
30,adaptive,0.80000000,0.74647644,2275,120,171,2224,5,47282.95195037,35745.91167448,21888.99003425,495300.00000000,617.14285714,164.57142857,480661.36407405,182.25000000,182.85714286,High friction cost
31,adaptive,0.80000000,0.75049071,2224,132,175,2181,9,52783.70414746,39904.48033548,21721.36795921,495300.00000000,617.14285714,164.57142857,476335.17333802,182.75000000,182.85714286,High friction cost
32,adaptive,0.80000000,0.75420391,2181,116,213,2084,47,43747.25029502,33072.92122303,22336.81345723,495300.00000000,617.14285714,164.57142857,483782.17794848,182.50000000,182.85714286,High friction cost
33,adaptive,0.80000000,0.75763861,2084,125,187,2022,21,47280.84444317,35744.31839903,19497.38623534,495300.00000000,617.14285714,164.57142857,478271.35355059,182.00000000,182.85714286,High friction cost
34,adaptive,0.80000000,0.76081572,2022,133,200,1955,36,44827.58711674,33889.65586025,21403.61061661,495300.00000000,617.14285714,164.57142857,482032.24047064,182.50000000,182.85714286,High friction cost
35,adaptive,0.80000000,0.76375454,1955,129,221,1863,54,50770.88395071,38382.78826674,20726.29341091,495300.00000000,617.14285714,164.57142857,476861.79085846,182.25000000,182.85714286,High friction cost
36,adaptive,0.80000000,0.76647295,1863,132,187,1808,19,54701.80470590,41354.56435766,23077.15373393,495300.00000000,617.14285714,164.57142857,476240.87509055,182.75000000,182.85714286,High friction cost
37,adaptive,0.80000000,0.76898748,1808,144,215,1737,48,56636.18777208,42816.95795569,21790.99952164,495300.00000000,617.14285714,164.57142857,473492.32728023,182.25000000,182.85714286,High friction cost
38,adaptive,0.80000000,0.77131342,1737,115,218,1634,52,42045.47195655,31786.37679915,19933.03606334,495300.00000000,617.14285714,164.57142857,482664.94497848,182.00000000,182.85714286,High friction cost
39,adaptive,0.80000000,0.77346491,1634,131,207,1558,41,54107.85401642,40905.53763641,20132.70692103,495300.00000000,617.14285714,164.57142857,473745.45499890,182.00000000,182.85714286,High friction cost
40,adaptive,0.80000000,0.77545504,1558,126,224,1460,55,46425.13630329,35097.40304529,20607.18685716,495300.00000000,617.14285714,164.57142857,480028.06952616,182.75000000,182.85714286,High friction cost
41,adaptive,0.80000000,0.77729591,1460,132,168,1424,5,52446.49533840,39649.55047583,17622.97460699,495300.00000000,617.14285714,164.57142857,472491.70984545,182.25000000,182.85714286,High friction cost
42,adaptive,0.80000000,0.77899872,1424,131,167,1388,2,49649.82357190,37535.26662035,23309.57855427,495300.00000000,617.14285714,164.57142857,480292.59764821,182.75000000,182.85714286,High friction cost
43,adaptive,0.80000000,0.78057382,1388,149,167,1370,3,59445.77809902,44941.00824286,20978.62648975,495300.00000000,617.14285714,164.57142857,470555.90396118,182.25000000,182.85714286,High friction cost
44,adaptive,0.80000000,0.78203078,1370,119,166,1323,0,45672.45923102,34528.37917865,22489.49610332,495300.00000000,617.14285714,164.57142857,482479.40263895,182.75000000,182.85714286,High friction cost
45,adaptive,0.80000000,0.78337847,1323,123,167,1279,2,45645.09999629,34507.69559719,25601.98749759,495300.00000000,617.14285714,164.57142857,485612.57761468,182.75000000,182.85714286,High friction cost
46,adaptive,0.80000000,0.78462509,1279,109,169,1219,3,41900.12069286,31676.49124380,23922.09323827,495300.00000000,617.14285714,164.57142857,486763.88770875,182.75000000,182.85714286,High friction cost
47,adaptive,0.80000000,0.78577820,1219,115,167,1167,0,45152.12490145,34135.00642549,19102.28563050,495300.00000000,617.14285714,164.57142857,479485.56491930,182.50000000,182.85714286,High friction cost
48,adaptive,0.80000000,0.78684484,1167,127,170,1124,5,56402.73078641,42640.46447452,22847.20911557,495300.00000000,617.14285714,164.57142857,474725.03035533,182.75000000,182.85714286,High friction cost
49,adaptive,0.80000000,0.78783148,1124,130,168,1086,2,53644.67978804,40555.37791976,22048.21414173,495300.00000000,617.14285714,164.57142857,476011.12193626,182.25000000,182.85714286,High friction cost
50,adaptive,0.80000000,0.78874412,1086,113,169,1030,1,41091.73126677,31065.34883768,22659.50522792,495300.00000000,617.14285714,164.57142857,486112.44210453,182.50000000,182.85714286,High friction cost
51,adaptive,0.80000000,0.78958831,1030,109,167,972,1,42900.71479216,32432.94038287,23797.60329691,495300.00000000,617.14285714,164.57142857,485882.94862832,182.75000000,182.85714286,High friction cost
52,adaptive,0.80000000,0.79036918,972,117,170,919,4,44679.39381662,33777.62172536,21353.91689248,495300.00000000,617.14285714,164.57142857,482094.58088141,182.00000000,182.85714286,High friction cost
53,adaptive,0.80000000,0.79109150,919,126,169,876,2,47325.50213261,35778.07961225,20810.44691087,495300.00000000,617.14285714,164.57142857,479550.65301290,182.25000000,182.85714286,High friction cost
54,adaptive,0.80000000,0.79175963,876,131,166,841,2,47933.85148389,36237.99172182,24089.23671488,495300.00000000,617.14285714,164.57142857,482369.53070734,182.25000000,182.85714286,High friction cost
55,adaptive,0.80000000,0.79237766,841,130,168,803,3,50598.51497732,38252.47732286,24647.37717583,495300.00000000,617.14285714,164.57142857,480913.18556726,182.00000000,182.85714286,High friction cost
56,adaptive,0.80000000,0.79294934,803,183,170,816,5,66998.05829474,50650.53207082,24878.33865718,495300.00000000,617.14285714,164.57142857,468746.09230065,182.00000000,182.85714286,High friction cost
57,adaptive,0.80000000,0.79347814,816,187,170,833,2,66185.68768203,50036.37988761,21056.11601330,495300.00000000,617.14285714,164.57142857,465538.02183997,182.00000000,182.85714286,High friction cost
58,adaptive,0.80000000,0.79396728,833,193,167,859,3,75060.21990753,56745.52625009,19934.71304979,495300.00000000,617.14285714,164.57142857,457707.47251399,182.00000000,182.85714286,High friction cost
59,adaptive,0.80000000,0.79441973,859,224,166,917,1,82001.32198292,61992.99941909,22569.77688518,495300.00000000,617.14285714,164.57142857,455095.06318038,182.75000000,182.85714286,High friction cost
60,adaptive,0.80000000,0.79483825,917,213,168,962,2,83451.32554233,63089.20211000,24470.70671265,495300.00000000,617.14285714,164.57142857,455899.79031694,182.25000000,182.85714286,High friction cost
61,adaptive,0.80000000,0.79522538,962,181,169,974,3,72232.34283562,54607.65118373,18155.22479910,495300.00000000,617.14285714,164.57142857,458065.85932966,182.00000000,182.85714286,High friction cost
62,adaptive,0.80000000,0.79558348,974,175,168,981,3,64579.32945458,48821.97306767,19895.70165356,495300.00000000,617.14285714,164.57142857,465592.01430018,182.50000000,182.85714286,High friction cost
63,adaptive,0.80000000,0.79591472,981,192,168,1005,2,80049.11022148,60517.12732744,19017.67885495,495300.00000000,617.14285714,164.57142857,453018.83724180,182.75000000,182.85714286,High friction cost
64,adaptive,0.80000000,0.79622111,1005,172,168,1009,2,66325.03969325,50141.73000810,23648.17356566,495300.00000000,617.14285714,164.57142857,468024.72927185,182.50000000,182.85714286,High friction cost
65,adaptive,0.80000000,0.79650453,1009,216,165,1060,2,84957.25186931,64227.68241320,17226.36017312,495300.00000000,617.14285714,164.57142857,447516.96347420,182.50000000,182.85714286,High friction cost
66,adaptive,0.80000000,0.79676669,1060,174,167,1067,2,67682.72254961,51168.13824750,25426.27689206,495300.00000000,617.14285714,164.57142857,468776.42435884,182.50000000,182.85714286,High friction cost
67,adaptive,0.80000000,0.79700919,1067,192,168,1091,3,69240.60163169,52345.89483356,21330.60226731,495300.00000000,617.14285714,164.57142857,463502.99314803,182.25000000,182.85714286,High friction cost
68,adaptive,0.80000000,0.79723350,1091,181,169,1103,4,69827.08444537,52789.27584070,27551.61523844,495300.00000000,617.14285714,164.57142857,469280.62511202,182.50000000,182.85714286,High friction cost
69,adaptive,0.80000000,0.79744099,1103,178,169,1112,5,66867.32637896,50551.69874249,22252.94150237,495300.00000000,617.14285714,164.57142857,466219.52847417,182.50000000,182.85714286,High friction cost
70,adaptive,0.80000000,0.79763291,1112,193,172,1133,7,74340.97747641,56201.77897217,21491.07110068,495300.00000000,617.14285714,164.57142857,459807.57784280,182.75000000,182.85714286,High friction cost
71,adaptive,0.80000000,0.79781044,1133,176,169,1140,3,65956.40288650,49863.04058220,23454.75680777,495300.00000000,617.14285714,164.57142857,468110.00193986,182.50000000,182.85714286,High friction cost
72,adaptive,0.80000000,0.79797466,1140,178,171,1147,7,72456.33451879,54776.98889620,24928.83434471,495300.00000000,617.14285714,164.57142857,464670.13116279,182.25000000,182.85714286,High friction cost
73,adaptive,0.80000000,0.79812656,1147,170,174,1143,10,63470.90702627,47984.00571186,22187.36649335,495300.00000000,617.14285714,164.57142857,468721.64649577,182.00000000,182.85714286,High friction cost
74,adaptive,0.80000000,0.79826707,1143,180,168,1155,5,68479.22660581,51770.29531399,18685.19373578,495300.00000000,617.14285714,164.57142857,461433.18413608,182.50000000,182.85714286,High friction cost
75,adaptive,0.80000000,0.79839704,1155,164,171,1148,4,62852.78922863,47516.70865684,24192.93853632,495300.00000000,617.14285714,164.57142857,471194.51559377,182.00000000,182.85714286,High friction cost
76,adaptive,0.80000000,0.79851726,1148,191,170,1169,4,76571.40984509,57887.98584289,22334.74791328,495300.00000000,617.14285714,164.57142857,458965.04778468,182.50000000,182.85714286,High friction cost
77,adaptive,0.80000000,0.79862847,1169,192,172,1189,6,68943.16531807,52121.03298046,22060.04448465,495300.00000000,617.14285714,164.57142857,464457.29721847,182.75000000,182.85714286,High friction cost
78,adaptive,0.80000000,0.79873133,1189,169,172,1186,6,65123.25806941,49233.18310047,21939.29921320,495300.00000000,617.14285714,164.57142857,467224.40182702,182.50000000,182.85714286,High friction cost
79,adaptive,0.80000000,0.79882648,1186,199,164,1221,1,75676.83162715,57211.68471012,23202.30038744,495300.00000000,617.14285714,164.57142857,460508.90139160,182.25000000,182.85714286,High friction cost
80,adaptive,0.80000000,0.79891450,1221,187,168,1240,2,70445.59160999,53256.86725715,25815.29811349,495300.00000000,617.14285714,164.57142857,467076.71657063,182.50000000,182.85714286,High friction cost
81,adaptive,0.80000000,0.79899591,1240,175,168,1247,3,66428.27398348,50219.77513151,20277.52145818,495300.00000000,617.14285714,164.57142857,464576.03204096,182.50000000,182.85714286,High friction cost
82,adaptive,0.80000000,0.79907122,1247,204,170,1281,4,75265.47138824,56900.69636951,21666.83054557,495300.00000000,617.14285714,164.57142857,459284.41989034,182.50000000,182.85714286,High friction cost
83,adaptive,0.80000000,0.79914087,1281,169,172,1278,4,63886.64687700,48298.30503901,25814.02001928,495300.00000000,617.14285714,164.57142857,472034.00069456,182.75000000,182.85714286,High friction cost
0,delayed,0.80000000,0.24500000,1870,139,182,1827,0,52634.33233716,39791.55524689,32097.05336851,495300.00000000,617.14285714,164.57142857,486823.78383591,182.00000000,182.85714286,High friction cost
1,delayed,0.80000000,0.28662500,1827,163,182,1808,0,68426.09894856,51730.13080511,30311.76853301,495300.00000000,617.14285714,164.57142857,473099.92344219,182.00000000,182.85714286,High friction cost
2,delayed,0.80000000,0.32512812,1808,163,182,1789,0,60741.45606007,45920.54078141,29603.98023773,495300.00000000,617.14285714,164.57142857,478201.72517060,182.00000000,182.85714286,High friction cost
3,delayed,0.80000000,0.36074352,1789,174,182,1781,0,65440.98332506,49473.38339374,28663.07688617,495300.00000000,617.14285714,164.57142857,473707.97920671,182.00000000,182.85714286,High friction cost
4,delayed,0.80000000,0.39368775,1781,157,182,1756,0,59515.83616165,44993.97213820,29401.42103351,495300.00000000,617.14285714,164.57142857,478925.73460959,182.00000000,182.85714286,High friction cost
5,delayed,0.80000000,0.42416117,1756,154,182,1728,0,55369.34430884,41859.22429748,30029.20415348,495300.00000000,617.14285714,164.57142857,482688.26557028,182.00000000,182.85714286,High friction cost
6,delayed,0.80000000,0.45234908,1728,187,182,1733,0,67953.98772445,51373.21471968,28164.84890623,495300.00000000,617.14285714,164.57142857,471309.91990083,182.00000000,182.85714286,High friction cost
7,delayed,0.80000000,0.47842290,1733,209,182,1760,0,80543.24192555,60890.69089571,34660.77348708,495300.00000000,617.14285714,164.57142857,468288.36830566,182.00000000,182.85714286,High friction cost
8,delayed,0.80000000,0.50254118,1760,192,182,1770,0,72946.00626835,55147.18073887,29844.71101503,495300.00000000,617.14285714,164.57142857,469215.81599044,182.00000000,182.85714286,High friction cost
9,delayed,0.80000000,0.52485060,1770,187,182,1775,0,67704.26230849,51184.42230522,34571.79514437,495300.00000000,617.14285714,164.57142857,477905.65855344,182.00000000,182.85714286,High friction cost
10,delayed,0.80000000,0.54548680,1775,188,169,1794,0,69300.48311055,52391.16523158,23418.81979436,495300.00000000,617.14285714,164.57142857,465545.94027707,182.50000000,182.85714286,High friction cost
11,delayed,0.80000000,0.56457529,1794,217,166,1845,0,77670.36027765,58718.79236990,22279.05602766,495300.00000000,617.14285714,164.57142857,458078.54937204,182.75000000,182.85714286,High friction cost
12,delayed,0.80000000,0.58223214,1845,181,166,1860,0,75675.71829823,57210.84303346,25266.30268539,495300.00000000,617.14285714,164.57142857,462573.74536621,182.00000000,182.85714286,High friction cost
13,delayed,0.80000000,0.59856473,1860,177,167,1870,1,73777.58334608,55775.85300964,25514.43060155,495300.00000000,617.14285714,164.57142857,464256.86330620,182.25000000,182.85714286,High friction cost
14,delayed,0.80000000,0.61367238,1870,206,168,1908,4,83433.67038481,63075.85481092,20152.91414121,495300.00000000,617.14285714,164.57142857,451595.34504458,182.00000000,182.85714286,High friction cost
15,delayed,0.80000000,0.62764695,1908,189,168,1929,1,74252.00655238,56134.51695360,25842.62814193,495300.00000000,617.14285714,164.57142857,464226.39690261,182.50000000,182.85714286,High friction cost
16,delayed,0.80000000,0.64057343,1929,213,170,1972,3,89465.13727623,67635.64378083,20298.43674450,495300.00000000,617.14285714,164.57142857,447181.07867795,182.75000000,182.85714286,High friction cost
17,delayed,0.80000000,0.65253042,1972,224,170,2026,4,78984.01224500,59711.91325722,25006.70003095,495300.00000000,617.14285714,164.57142857,459813.07248802,182.75000000,182.85714286,High friction cost
18,delayed,0.80000000,0.66359064,2026,193,171,2048,5,76175.21304646,57588.46106313,23253.03497285,495300.00000000,617.14285714,164.57142857,460182.85962401,182.50000000,182.85714286,High friction cost
19,delayed,0.80000000,0.67382134,2048,213,170,2091,3,86019.31148144,65030.59947997,21744.61872089,495300.00000000,617.14285714,164.57142857,451232.30495521,182.00000000,182.85714286,High friction cost
20,delayed,0.80000000,0.68328474,2091,187,169,2109,3,74261.73912601,56141.87477926,23101.92599689,495300.00000000,617.14285714,164.57142857,461478.33693191,182.25000000,182.85714286,High friction cost
21,delayed,0.80000000,0.69203839,2109,202,166,2145,4,71967.28420514,54407.26685909,20188.66293602,495300.00000000,617.14285714,164.57142857,460299.68179122,182.00000000,182.85714286,High friction cost
22,delayed,0.80000000,0.70013551,2145,218,167,2196,3,82701.20904541,62522.11403833,16128.82591927,495300.00000000,617.14285714,164.57142857,448124.99759523,182.00000000,182.85714286,High friction cost
23,delayed,0.80000000,0.70762534,2196,186,167,2215,2,69168.48584232,52291.37529680,27389.77952740,495300.00000000,617.14285714,164.57142857,469616.68994489,182.25000000,182.85714286,High friction cost
24,delayed,0.80000000,0.71455344,2215,216,173,2258,6,83565.41964459,63175.45725131,27294.35864611,495300.00000000,617.14285714,164.57142857,458637.18710909,182.25000000,182.85714286,High friction cost
25,delayed,0.80000000,0.72096193,2258,219,169,2308,1,81888.50437682,61907.70930888,21649.38516389,495300.00000000,617.14285714,164.57142857,454259.96156930,182.75000000,182.85714286,High friction cost
26,delayed,0.80000000,0.72688979,2308,207,172,2343,5,69823.88795894,52786.85929696,23721.93192902,495300.00000000,617.14285714,164.57142857,465453.35834635,182.00000000,182.85714286,High friction cost
27,delayed,0.80000000,0.73237306,2343,221,172,2392,6,81953.36536919,61956.74421911,24019.90497361,495300.00000000,617.14285714,164.57142857,456581.44646879,182.75000000,182.85714286,High friction cost
28,delayed,0.80000000,0.73744508,2392,111,172,2331,6,35324.82961293,26705.57118737,28038.51723596,495300.00000000,617.14285714,164.57142857,495851.23176287,182.00000000,182.85714286,High friction cost
29,delayed,0.80000000,0.74213670,2331,115,171,2275,6,43393.59157489,32805.55523062,22260.46567117,495300.00000000,617.14285714,164.57142857,483973.19615484,182.50000000,182.85714286,High friction cost
30,delayed,0.80000000,0.74647644,2275,120,171,2224,5,47282.95195037,35745.91167448,21888.99003425,495300.00000000,617.14285714,164.57142857,480661.36407405,182.25000000,182.85714286,High friction cost
31,delayed,0.80000000,0.75049071,2224,132,175,2181,9,52783.70414746,39904.48033548,21721.36795921,495300.00000000,617.14285714,164.57142857,476335.17333802,182.75000000,182.85714286,High friction cost
32,delayed,0.80000000,0.75420391,2181,116,213,2084,47,43747.25029502,33072.92122303,22336.81345723,495300.00000000,617.14285714,164.57142857,483782.17794848,182.50000000,182.85714286,High friction cost
33,delayed,0.80000000,0.75763861,2084,125,187,2022,21,47280.84444317,35744.31839903,19497.38623534,495300.00000000,617.14285714,164.57142857,478271.35355059,182.00000000,182.85714286,High friction cost
34,delayed,0.80000000,0.76081572,2022,133,200,1955,36,44827.58711674,33889.65586025,21403.61061661,495300.00000000,617.14285714,164.57142857,482032.24047064,182.50000000,182.85714286,High friction cost
35,delayed,0.80000000,0.76375454,1955,129,221,1863,54,50770.88395071,38382.78826674,20726.29341091,495300.00000000,617.14285714,164.57142857,476861.79085846,182.25000000,182.85714286,High friction cost
36,delayed,0.80000000,0.76647295,1863,132,187,1808,19,54701.80470590,41354.56435766,23077.15373393,495300.00000000,617.14285714,164.57142857,476240.87509055,182.75000000,182.85714286,High friction cost
37,delayed,0.80000000,0.76898748,1808,144,215,1737,48,56636.18777208,42816.95795569,21790.99952164,495300.00000000,617.14285714,164.57142857,473492.32728023,182.25000000,182.85714286,High friction cost
38,delayed,0.80000000,0.77131342,1737,115,218,1634,52,42045.47195655,31786.37679915,19933.03606334,495300.00000000,617.14285714,164.57142857,482664.94497848,182.00000000,182.85714286,High friction cost
39,delayed,0.80000000,0.77346491,1634,131,207,1558,41,54107.85401642,40905.53763641,20132.70692103,495300.00000000,617.14285714,164.57142857,473745.45499890,182.00000000,182.85714286,High friction cost
40,delayed,0.80000000,0.77545504,1558,126,224,1460,55,46425.13630329,35097.40304529,20607.18685716,495300.00000000,617.14285714,164.57142857,480028.06952616,182.75000000,182.85714286,High friction cost
41,delayed,0.80000000,0.77729591,1460,132,168,1424,5,52446.49533840,39649.55047583,17622.97460699,495300.00000000,617.14285714,164.57142857,472491.70984545,182.25000000,182.85714286,High friction cost
42,delayed,0.80000000,0.77899872,1424,131,167,1388,2,49649.82357190,37535.26662035,23309.57855427,495300.00000000,617.14285714,164.57142857,480292.59764821,182.75000000,182.85714286,High friction cost
43,delayed,0.80000000,0.78057382,1388,149,167,1370,3,59445.77809902,44941.00824286,20978.62648975,495300.00000000,617.14285714,164.57142857,470555.90396118,182.25000000,182.85714286,High friction cost
44,delayed,0.80000000,0.78203078,1370,119,166,1323,0,45672.45923102,34528.37917865,22489.49610332,495300.00000000,617.14285714,164.57142857,482479.40263895,182.75000000,182.85714286,High friction cost
45,delayed,0.80000000,0.78337847,1323,123,167,1279,2,45645.09999629,34507.69559719,25601.98749759,495300.00000000,617.14285714,164.57142857,485612.57761468,182.75000000,182.85714286,High friction cost
46,delayed,0.80000000,0.78462509,1279,109,169,1219,3,41900.12069286,31676.49124380,23922.09323827,495300.00000000,617.14285714,164.57142857,486763.88770875,182.75000000,182.85714286,High friction cost
47,delayed,0.80000000,0.78577820,1219,115,167,1167,0,45152.12490145,34135.00642549,19102.28563050,495300.00000000,617.14285714,164.57142857,479485.56491930,182.50000000,182.85714286,High friction cost
48,delayed,0.80000000,0.78684484,1167,127,170,1124,5,56402.73078641,42640.46447452,22847.20911557,495300.00000000,617.14285714,164.57142857,474725.03035533,182.75000000,182.85714286,High friction cost
49,delayed,0.80000000,0.78783148,1124,130,168,1086,2,53644.67978804,40555.37791976,22048.21414173,495300.00000000,617.14285714,164.57142857,476011.12193626,182.25000000,182.85714286,High friction cost
50,delayed,0.80000000,0.78874412,1086,113,169,1030,1,41091.73126677,31065.34883768,22659.50522792,495300.00000000,617.14285714,164.57142857,486112.44210453,182.50000000,182.85714286,High friction cost
51,delayed,0.80000000,0.78958831,1030,109,167,972,1,42900.71479216,32432.94038287,23797.60329691,495300.00000000,617.14285714,164.57142857,485882.94862832,182.75000000,182.85714286,High friction cost
52,delayed,0.80000000,0.79036918,972,117,170,919,4,44679.39381662,33777.62172536,21353.91689248,495300.00000000,617.14285714,164.57142857,482094.58088141,182.00000000,182.85714286,High friction cost
53,delayed,0.80000000,0.79109150,919,126,169,876,2,47325.50213261,35778.07961225,20810.44691087,495300.00000000,617.14285714,164.57142857,479550.65301290,182.25000000,182.85714286,High friction cost
54,delayed,0.80000000,0.79175963,876,131,166,841,2,47933.85148389,36237.99172182,24089.23671488,495300.00000000,617.14285714,164.57142857,482369.53070734,182.25000000,182.85714286,High friction cost
55,delayed,0.80000000,0.79237766,841,130,168,803,3,50598.51497732,38252.47732286,24647.37717583,495300.00000000,617.14285714,164.57142857,480913.18556726,182.00000000,182.85714286,High friction cost
56,delayed,0.80000000,0.79294934,803,183,170,816,5,66998.05829474,50650.53207082,24878.33865718,495300.00000000,617.14285714,164.57142857,468746.09230065,182.00000000,182.85714286,High friction cost
57,delayed,0.80000000,0.79347814,816,187,170,833,2,66185.68768203,50036.37988761,21056.11601330,495300.00000000,617.14285714,164.57142857,465538.02183997,182.00000000,182.85714286,High friction cost
58,delayed,0.80000000,0.79396728,833,193,167,859,3,75060.21990753,56745.52625009,19934.71304979,495300.00000000,617.14285714,164.57142857,457707.47251399,182.00000000,182.85714286,High friction cost
59,delayed,0.80000000,0.79441973,859,224,166,917,1,82001.32198292,61992.99941909,22569.77688518,495300.00000000,617.14285714,164.57142857,455095.06318038,182.75000000,182.85714286,High friction cost
60,delayed,0.80000000,0.79483825,917,213,168,962,2,83451.32554233,63089.20211000,24470.70671265,495300.00000000,617.14285714,164.57142857,455899.79031694,182.25000000,182.85714286,High friction cost
61,delayed,0.80000000,0.79522538,962,181,169,974,3,72232.34283562,54607.65118373,18155.22479910,495300.00000000,617.14285714,164.57142857,458065.85932966,182.00000000,182.85714286,High friction cost
62,delayed,0.80000000,0.79558348,974,175,168,981,3,64579.32945458,48821.97306767,19895.70165356,495300.00000000,617.14285714,164.57142857,465592.01430018,182.50000000,182.85714286,High friction cost
63,delayed,0.80000000,0.79591472,981,192,168,1005,2,80049.11022148,60517.12732744,19017.67885495,495300.00000000,617.14285714,164.57142857,453018.83724180,182.75000000,182.85714286,High friction cost
64,delayed,0.80000000,0.79622111,1005,172,168,1009,2,66325.03969325,50141.73000810,23648.17356566,495300.00000000,617.14285714,164.57142857,468024.72927185,182.50000000,182.85714286,High friction cost
65,delayed,0.80000000,0.79650453,1009,216,165,1060,2,84957.25186931,64227.68241320,17226.36017312,495300.00000000,617.14285714,164.57142857,447516.96347420,182.50000000,182.85714286,High friction cost
66,delayed,0.80000000,0.79676669,1060,174,167,1067,2,67682.72254961,51168.13824750,25426.27689206,495300.00000000,617.14285714,164.57142857,468776.42435884,182.50000000,182.85714286,High friction cost
67,delayed,0.80000000,0.79700919,1067,192,168,1091,3,69240.60163169,52345.89483356,21330.60226731,495300.00000000,617.14285714,164.57142857,463502.99314803,182.25000000,182.85714286,High friction cost
68,delayed,0.80000000,0.79723350,1091,181,169,1103,4,69827.08444537,52789.27584070,27551.61523844,495300.00000000,617.14285714,164.57142857,469280.62511202,182.50000000,182.85714286,High friction cost
69,delayed,0.80000000,0.79744099,1103,178,169,1112,5,66867.32637896,50551.69874249,22252.94150237,495300.00000000,617.14285714,164.57142857,466219.52847417,182.50000000,182.85714286,High friction cost
70,delayed,0.80000000,0.79763291,1112,193,172,1133,7,74340.97747641,56201.77897217,21491.07110068,495300.00000000,617.14285714,164.57142857,459807.57784280,182.75000000,182.85714286,High friction cost
71,delayed,0.80000000,0.79781044,1133,176,169,1140,3,65956.40288650,49863.04058220,23454.75680777,495300.00000000,617.14285714,164.57142857,468110.00193986,182.50000000,182.85714286,High friction cost
72,delayed,0.80000000,0.79797466,1140,178,171,1147,7,72456.33451879,54776.98889620,24928.83434471,495300.00000000,617.14285714,164.57142857,464670.13116279,182.25000000,182.85714286,High friction cost
73,delayed,0.80000000,0.79812656,1147,170,174,1143,10,63470.90702627,47984.00571186,22187.36649335,495300.00000000,617.14285714,164.57142857,468721.64649577,182.00000000,182.85714286,High friction cost
74,delayed,0.80000000,0.79826707,1143,180,168,1155,5,68479.22660581,51770.29531399,18685.19373578,495300.00000000,617.14285714,164.57142857,461433.18413608,182.50000000,182.85714286,High friction cost
75,delayed,0.80000000,0.79839704,1155,164,171,1148,4,62852.78922863,47516.70865684,24192.93853632,495300.00000000,617.14285714,164.57142857,471194.51559377,182.00000000,182.85714286,High friction cost
76,delayed,0.80000000,0.79851726,1148,191,170,1169,4,76571.40984509,57887.98584289,22334.74791328,495300.00000000,617.14285714,164.57142857,458965.04778468,182.50000000,182.85714286,High friction cost
77,delayed,0.80000000,0.79862847,1169,192,172,1189,6,68943.16531807,52121.03298046,22060.04448465,495300.00000000,617.14285714,164.57142857,464457.29721847,182.75000000,182.85714286,High friction cost
78,delayed,0.80000000,0.79873133,1189,169,172,1186,6,65123.25806941,49233.18310047,21939.29921320,495300.00000000,617.14285714,164.57142857,467224.40182702,182.50000000,182.85714286,High friction cost
79,delayed,0.80000000,0.79882648,1186,199,164,1221,1,75676.83162715,57211.68471012,23202.30038744,495300.00000000,617.14285714,164.57142857,460508.90139160,182.25000000,182.85714286,High friction cost
80,delayed,0.80000000,0.79891450,1221,187,168,1240,2,70445.59160999,53256.86725715,25815.29811349,495300.00000000,617.14285714,164.57142857,467076.71657063,182.50000000,182.85714286,High friction cost
81,delayed,0.80000000,0.79899591,1240,175,168,1247,3,66428.27398348,50219.77513151,20277.52145818,495300.00000000,617.14285714,164.57142857,464576.03204096,182.50000000,182.85714286,High friction cost
82,delayed,0.80000000,0.79907122,1247,204,170,1281,4,75265.47138824,56900.69636951,21666.83054557,495300.00000000,617.14285714,164.57142857,459284.41989034,182.50000000,182.85714286,High friction cost
83,delayed,0.80000000,0.79914087,1281,169,172,1278,4,63886.64687700,48298.30503901,25814.02001928,495300.00000000,617.14285714,164.57142857,472034.00069456,182.75000000,182.85714286,High friction cost
